ax,ay,az,gx,gy,gz,state
0.031494,1.010986,-0.123291,-3.297710,-0.732824,0.793893,open
0.026611,1.006836,-0.118408,-3.114504,-0.671756,0.732824,open
0.028076,1.007324,-0.114258,-3.358779,-0.549618,0.793893,open
0.027344,1.008057,-0.113525,-3.358779,-0.610687,0.854962,open
0.031982,1.007812,-0.121094,-3.419847,-0.671756,0.916031,open
0.027100,1.009277,-0.118164,-3.175573,-0.549618,0.916031,open
0.027588,1.009521,-0.122070,-3.236641,-0.488550,0.671756,open
0.025635,1.006348,-0.126221,-3.297710,-0.671756,0.793893,open
0.030762,1.005615,-0.119385,-3.236641,-0.732824,0.916031,open
0.030273,1.013916,-0.119141,-3.358779,-0.488550,0.732824,open
0.026123,1.007812,-0.110352,-3.297710,-0.488550,0.732824,open
0.030762,1.005127,-0.122070,-3.297710,-0.549618,0.793893,open
0.029297,1.008545,-0.113525,-3.358779,-0.610687,0.732824,open
0.030762,1.001953,-0.113770,-3.236641,-0.610687,0.732824,open
0.029053,1.010010,-0.123291,-3.358779,-0.549618,0.793893,open
0.018555,1.011475,-0.114990,-3.297710,-0.549618,0.854962,open
0.029785,1.010498,-0.124268,-3.175573,-0.671756,0.732824,open
0.030029,1.007324,-0.114502,-3.236641,-0.671756,0.549618,open
0.031006,1.006836,-0.108154,-3.297710,-0.610687,0.854962,open
0.029541,1.011963,-0.120850,-3.236641,-0.488550,0.671756,open
0.024170,1.007812,-0.123535,-3.419847,-0.610687,0.671756,open
0.030029,1.008789,-0.114258,-3.236641,-0.427481,0.793893,open
0.027100,1.014404,-0.110107,-3.358779,-0.671756,0.732824,open
0.023682,1.007080,-0.116455,-3.236641,-0.610687,0.854962,open
0.020264,1.003662,-0.114990,-3.297710,-0.610687,0.793893,open
0.025391,1.008789,-0.115723,-3.419847,-0.549618,0.671756,open
0.025391,1.009033,-0.115479,-3.297710,-0.732824,0.916031,open
0.028564,1.012695,-0.110840,-3.358779,-0.610687,0.732824,open
0.026611,1.014648,-0.114502,-3.175573,-0.549618,0.854962,open
0.025391,1.009277,-0.101318,-3.358779,-0.610687,0.793893,open
0.026855,1.010742,-0.115723,-3.175573,-0.732824,0.671756,open
0.031494,1.001709,-0.111816,-3.297710,-0.671756,0.671756,open
0.022705,1.004883,-0.121094,-3.297710,-0.549618,0.793893,open
0.030518,1.010742,-0.122070,-3.297710,-0.549618,0.793893,open
0.024902,1.010254,-0.129639,-3.297710,-0.671756,0.854962,open
0.025635,1.006836,-0.126221,-3.175573,-0.671756,0.916031,open
0.021729,1.006836,-0.114502,-3.175573,-0.549618,0.732824,open
0.026123,1.009766,-0.108887,-3.175573,-0.671756,0.732824,open
0.030273,1.006836,-0.115479,-3.358779,-0.732824,0.671756,open
0.027100,1.005371,-0.114746,-3.297710,-0.732824,0.793893,open
0.032715,1.010986,-0.125977,-3.480916,-0.977099,0.854962,open
0.028076,1.015381,-0.127197,-3.236641,-0.916031,0.732824,open
0.020996,1.008057,-0.122559,-3.114504,-0.916031,0.854962,open
0.025635,1.013184,-0.134277,-3.114504,-0.916031,0.793893,open
0.028809,1.008789,-0.128418,-3.297710,-1.038168,0.854962,open
0.030518,1.006836,-0.110596,-3.297710,-0.916031,0.916031,open
0.024170,1.003418,-0.123291,-3.358779,-0.977099,0.854962,open
0.025391,1.011475,-0.117188,-3.297710,-1.099237,0.916031,open
0.027100,1.009521,-0.114990,-3.236641,-0.854962,0.977099,open
0.029297,1.003418,-0.109375,-3.297710,-0.977099,0.854962,open
0.028320,1.010498,-0.122314,-3.236641,-0.793893,0.916031,open
0.024902,1.004639,-0.115234,-3.114504,-1.038168,0.671756,open
0.027832,1.004395,-0.116455,-3.358779,-0.793893,0.793893,open
0.026123,1.005371,-0.119141,-3.236641,-0.854962,0.793893,open
0.030273,1.005371,-0.107178,-3.297710,-0.549618,0.793893,open
0.030762,1.012451,-0.115234,-3.053435,-0.671756,0.854962,open
0.029053,1.009277,-0.104980,-3.297710,-0.671756,0.671756,open
0.028320,1.005371,-0.109131,-3.297710,-0.732824,0.793893,open
0.025146,1.007568,-0.113037,-3.297710,-0.671756,0.793893,open
0.031982,1.009521,-0.107178,-3.480916,-0.610687,0.793893,open
0.026855,1.009277,-0.115967,-3.236641,-0.793893,0.671756,open
0.025391,1.007812,-0.111328,-3.114504,-0.671756,0.854962,open
0.029785,1.008789,-0.116699,-3.175573,-0.610687,0.854962,open
0.023193,1.007324,-0.108887,-3.297710,-0.671756,0.793893,open
0.031006,1.004150,-0.125244,-3.908397,-0.671756,0.732824,open
0.031738,1.007080,-0.103027,-3.664122,-0.732824,0.854962,open
0.022949,1.000732,-0.114502,-3.236641,-0.671756,0.793893,open
0.029541,1.008301,-0.109863,-2.992366,-0.671756,0.671756,open
0.029053,1.009277,-0.107422,-3.053435,-0.549618,0.854962,open
0.020264,1.010254,-0.126465,-3.358779,-0.671756,0.732824,open
0.027588,1.008789,-0.110352,-3.419847,-0.671756,0.854962,open
0.023926,1.005371,-0.113770,-3.725191,-0.916031,0.732824,open
0.023438,1.010986,-0.122070,-3.297710,-0.671756,0.793893,open
0.030029,1.006104,-0.108887,-2.992366,-0.671756,0.732824,open
0.027832,1.015137,-0.111084,-3.236641,-0.549618,0.671756,open
0.026855,1.007324,-0.119873,-3.358779,-0.732824,0.793893,open
0.024658,1.004395,-0.112793,-3.297710,-0.610687,0.671756,open
0.021973,1.009033,-0.114258,-3.358779,-0.549618,0.793893,open
0.025391,1.005371,-0.107422,-3.236641,-0.488550,0.977099,open
0.022461,1.010742,-0.125000,-3.053435,-0.671756,0.732824,open
0.029297,1.007568,-0.105713,-3.053435,-0.488550,0.854962,open
0.031006,1.004883,-0.116455,-3.358779,-0.549618,0.854962,open
0.018066,1.012451,-0.127197,-3.358779,-0.732824,0.793893,open
0.025146,1.015869,-0.110352,-2.503817,-0.549618,0.793893,open
0.026123,1.013672,-0.134033,-3.297710,-0.549618,0.793893,open
0.039795,1.005859,-0.138916,-3.358779,-0.732824,0.732824,open
0.021973,1.011230,-0.095215,-3.419847,-0.732824,0.854962,open
0.024414,1.018555,-0.130371,-3.603053,-0.549618,0.793893,open
0.026123,1.002441,-0.107910,-3.419847,-0.793893,0.854962,open
0.031982,1.012939,-0.100586,-3.236641,-0.427481,0.977099,open
0.032227,1.000488,-0.120605,-3.297710,-0.549618,0.916031,open
0.025391,1.006104,-0.110352,-3.297710,-0.610687,0.916031,open
0.024414,1.018555,-0.104736,-3.053435,-0.549618,0.793893,open
0.027100,1.002197,-0.121338,-3.480916,-0.671756,0.610687,open
0.026123,1.011719,-0.122070,-3.541985,-0.610687,0.671756,open
0.025391,1.010010,-0.107422,-3.175573,-0.610687,0.793893,open
0.021729,1.000977,-0.122070,-3.175573,-0.366412,0.916031,open
0.031494,1.009521,-0.121826,-3.175573,-0.610687,0.732824,open
0.027344,1.003662,-0.092041,-3.236641,-0.671756,0.793893,open
0.021240,1.018066,-0.174316,-3.908397,-1.099237,0.610687,open
0.019775,1.019531,-0.131836,-3.358779,-0.732824,0.671756,open
0.018799,1.010742,-0.125244,-3.297710,-0.488550,0.793893,open
0.032715,1.000488,-0.127197,-2.992366,-0.671756,0.732824,open
0.036865,1.003906,-0.096680,-3.358779,-0.488550,0.732824,open
0.022461,1.009033,-0.111816,-3.603053,-0.549618,0.732824,open
0.031982,1.002197,-0.115479,-3.480916,-0.916031,0.793893,open
0.021729,1.008545,-0.106934,-3.297710,-0.549618,0.671756,open
0.025635,1.005615,-0.126953,-2.931298,-0.488550,0.793893,open
0.030762,0.997559,-0.120361,-3.114504,-0.488550,0.732824,open
0.027588,1.015625,-0.113525,-3.053435,-0.671756,0.671756,open
0.029297,1.003174,-0.110352,-3.297710,-0.671756,0.732824,open
0.025146,1.008301,-0.136963,-3.603053,-0.549618,0.610687,open
0.031738,1.013184,-0.114746,-3.297710,-0.610687,0.854962,open
0.024170,1.001709,-0.116699,-2.992366,-0.305344,0.793893,open
0.020996,1.010498,-0.080078,-1.404580,-0.610687,0.671756,open
0.033691,1.003174,-0.122314,-2.870229,-0.610687,0.854962,open
0.041504,1.016113,-0.160156,-3.786260,-0.916031,0.671756,open
0.017334,1.014160,-0.112793,-3.847328,-0.732824,0.854962,open
0.020996,1.025391,-0.139404,-3.541985,-0.793893,0.671756,open
0.022705,1.005615,-0.117676,-3.297710,-0.793893,0.610687,open
0.034424,1.016602,-0.103516,-2.870229,-0.366412,0.732824,open
0.030762,0.999023,-0.115234,-3.236641,-0.549618,0.732824,open
0.026123,1.005371,-0.123047,-3.786260,-0.793893,0.793893,open
0.020996,1.009277,-0.099365,-3.175573,-0.671756,0.732824,open
0.025391,1.010986,-0.117920,-3.419847,-0.549618,0.671756,open
0.023193,1.008789,-0.121826,-3.175573,-0.488550,1.038168,open
0.025391,1.007812,-0.102783,-2.931298,-0.488550,0.793893,open
0.035400,0.977295,-0.056641,-2.687023,-0.122137,0.793893,open
0.032715,0.996582,-0.083008,-3.419847,-1.038168,0.977099,open
0.026367,1.011230,-0.119873,-2.870229,-1.038168,0.854962,open
0.015137,1.021729,-0.114746,-2.931298,-0.671756,0.854962,open
0.025635,1.009766,-0.133545,-2.748092,-0.610687,0.793893,open
0.022705,1.009277,-0.138184,-3.358779,-0.549618,0.732824,open
0.034912,1.003906,-0.108398,-2.992366,-0.427481,0.793893,open
0.033447,0.998291,-0.121338,-3.786260,-0.854962,0.732824,open
0.034180,1.019775,-0.125000,-3.603053,-0.854962,0.916031,open
0.019775,1.010498,-0.104492,-2.992366,-0.549618,0.793893,open
0.024658,1.020996,-0.176514,-4.824428,-0.671756,0.732824,open
0.026855,1.013428,-0.120605,-3.236641,-0.488550,0.671756,open
0.026611,0.989502,-0.004639,-1.587786,0.610687,0.793893,open
0.036377,0.993896,-0.096680,-3.419847,-0.671756,0.854962,open
0.033691,1.000488,-0.127441,-3.358779,-0.916031,0.977099,open
0.019043,1.018066,-0.113525,-2.992366,-0.610687,0.854962,open
0.029297,1.016357,-0.147461,-3.175573,-0.610687,0.793893,open
0.015625,1.007080,-0.127197,-3.175573,-0.305344,0.854962,open
0.032959,1.017090,-0.097900,-2.625954,-0.305344,0.854962,open
0.042969,0.994385,-0.122559,-3.664122,-0.610687,0.671756,open
0.024658,1.018555,-0.146973,-3.725191,-0.793893,0.854962,open
0.029297,1.004883,-0.104248,-2.870229,-0.427481,0.854962,open
0.013672,1.010010,-0.138672,-3.541985,-0.488550,0.732824,open
0.024170,1.014404,-0.130859,-3.297710,-0.732824,0.916031,open
0.034424,0.999268,-0.088867,-2.931298,-0.366412,0.854962,open
0.026367,0.976318,-0.015381,-1.282443,-0.183206,0.854962,open
0.035156,0.998291,-0.124512,-3.114504,-1.221374,0.977099,open
0.035400,1.018066,-0.134033,-2.870229,-1.526718,0.977099,open
0.010010,1.027832,-0.131348,-3.236641,-1.038168,0.732824,open
0.020020,1.022217,-0.144287,-2.931298,-1.038168,0.854962,open
0.028320,1.009521,-0.110352,-3.297710,-0.671756,0.916031,open
0.024658,1.015869,-0.095459,-2.992366,-0.732824,0.793893,open
0.032471,0.994629,-0.128662,-3.664122,-1.038168,0.671756,open
0.026367,1.025879,-0.128174,-3.664122,-1.160305,0.732824,open
0.017822,1.016846,-0.088867,-2.809160,-0.854962,0.916031,open
0.023438,1.005127,-0.133301,-3.297710,-0.610687,0.854962,open
0.031494,1.011230,-0.097412,-3.175573,-0.732824,0.793893,open
0.029297,0.999512,-0.089355,-2.931298,-0.610687,0.732824,open
0.028564,1.005615,-0.127441,-3.419847,-0.732824,0.854962,open
0.029541,1.011963,-0.111328,-3.175573,-0.793893,1.038168,open
0.022461,1.011719,-0.107178,-2.931298,-0.549618,0.793893,open
0.024414,1.013672,-0.128418,-3.114504,-0.671756,0.732824,open
0.025635,1.009521,-0.117676,-3.236641,-0.488550,0.732824,open
0.032959,1.007568,-0.106201,-3.175573,-0.366412,0.793893,open
0.029541,1.009277,-0.118164,-3.358779,-0.549618,0.732824,open
0.030518,1.011963,-0.114258,-3.419847,-0.549618,0.793893,open
0.021973,1.010498,-0.114502,-3.114504,-0.427481,0.793893,open
0.024658,1.009766,-0.116455,-3.236641,-0.549618,0.793893,open
0.024902,1.010010,-0.116211,-3.480916,-0.427481,0.610687,open
0.029297,0.995850,-0.080322,-2.503817,-0.366412,0.916031,open
0.033936,1.005127,-0.126465,-3.480916,-0.610687,0.732824,open
0.030762,1.014893,-0.144043,-3.419847,-0.854962,0.916031,open
0.017578,1.009033,-0.113525,-3.419847,-0.916031,0.854962,open
0.022705,1.019287,-0.145020,-3.236641,-0.793893,0.793893,open
0.023438,1.002197,-0.117676,-3.236641,-0.854962,0.854962,open
0.034424,1.008545,-0.108887,-3.419847,-0.671756,0.916031,open
0.026611,1.000488,-0.114258,-3.358779,-0.854962,0.671756,open
0.027588,1.010254,-0.105713,-3.419847,-0.916031,0.732824,open
0.034424,1.010986,-0.113281,-3.175573,-0.793893,0.671756,open
0.023926,1.010742,-0.114746,-3.297710,-0.671756,0.793893,open
0.032227,1.011475,-0.106445,-3.297710,-0.793893,0.732824,open
0.029785,1.010498,-0.101562,-3.114504,-0.671756,0.916031,open
0.026855,1.009033,-0.109375,-3.358779,-0.732824,0.854962,open
0.031006,1.010742,-0.126953,-3.053435,-0.610687,0.732824,open
0.028809,1.005371,-0.107666,-3.053435,-0.549618,0.854962,open
0.024658,1.014893,-0.124023,-3.358779,-0.610687,0.793893,open
0.030762,1.008545,-0.113770,-3.175573,-0.732824,0.671756,open
0.023438,1.008057,-0.117188,-3.053435,-0.610687,0.671756,open
0.031982,1.012207,-0.111328,-3.114504,-0.549618,0.793893,open
0.026855,1.009277,-0.104004,-3.175573,-0.427481,0.732824,open
0.027588,1.004395,-0.117676,-3.114504,-0.549618,0.916031,open
0.030518,1.011963,-0.123047,-3.419847,-0.549618,0.732824,open
0.025146,1.007324,-0.118652,-3.297710,-0.549618,0.793893,open
0.025635,1.005859,-0.113525,-3.114504,-0.549618,0.854962,open
0.022705,1.008057,-0.118896,-3.297710,-0.488550,0.793893,open
0.025146,1.002930,-0.124023,-3.358779,-0.610687,0.854962,open
0.029297,1.013428,-0.121094,-3.297710,-0.549618,0.916031,open
0.026611,1.012207,-0.114746,-3.419847,-0.305344,0.549618,open
0.022949,1.010254,-0.114746,-3.419847,-0.610687,0.854962,open
0.027588,1.001953,-0.121338,-3.297710,-0.488550,0.793893,open
0.023682,1.009277,-0.118408,-3.236641,-0.488550,0.671756,open
0.023926,1.007812,-0.130615,-3.297710,-0.671756,0.854962,open
0.031494,1.008057,-0.112549,-3.358779,-0.427481,0.854962,open
0.030029,1.006836,-0.127441,-3.358779,-0.610687,0.793893,open
0.035889,1.006104,-0.123779,-3.419847,-0.732824,0.854962,open
0.023438,1.009277,-0.123047,-3.297710,-0.671756,0.916031,open
0.025879,1.001953,-0.123047,-3.419847,-0.916031,0.916031,open
0.026367,1.008545,-0.123779,-3.175573,-0.854962,0.732824,open
0.031006,1.004883,-0.118896,-3.175573,-0.977099,0.732824,open
0.026123,1.011963,-0.127441,-3.419847,-0.732824,0.916031,open
0.021973,1.007324,-0.123291,-3.236641,-0.977099,0.732824,open
0.031006,1.008789,-0.113037,-3.175573,-0.916031,0.916031,open
0.028320,1.005859,-0.123047,-3.236641,-1.099237,0.854962,open
0.026855,1.003662,-0.128418,-3.297710,-1.038168,0.732824,open
0.030273,1.002930,-0.115479,-3.236641,-0.916031,0.793893,open
0.026855,1.008301,-0.114746,-3.053435,-0.916031,0.732824,open
0.024902,1.006104,-0.124268,-3.297710,-0.977099,0.916031,open
0.030273,1.011719,-0.112549,-3.175573,-1.221374,0.854962,open
0.030762,1.004150,-0.117920,-3.236641,-1.221374,0.854962,open
0.029297,1.008789,-0.117920,-3.358779,-1.160305,0.793893,open
0.022705,1.010498,-0.116699,-3.236641,-1.221374,0.732824,open
0.029297,1.010742,-0.107422,-3.236641,-0.488550,0.793893,open
0.025635,1.008057,-0.113525,-3.297710,-0.610687,0.671756,open
0.028076,1.013184,-0.114014,-3.358779,-0.488550,0.793893,open
0.028809,1.006348,-0.115967,-3.297710,-0.549618,0.793893,open
0.030029,1.010010,-0.116211,-3.175573,-0.793893,0.854962,open
0.027344,1.011475,-0.125244,-3.236641,-0.793893,0.732824,open
0.025635,1.011719,-0.118896,-3.175573,-0.671756,0.793893,open
0.030762,1.014893,-0.119629,-3.236641,-0.549618,0.732824,open
0.024658,1.010254,-0.116211,-3.236641,-0.549618,0.732824,open
0.028564,1.011963,-0.114014,-3.114504,-0.549618,0.793893,open
0.028809,1.004395,-0.115234,-3.419847,-0.671756,0.793893,open
0.030029,1.000732,-0.110352,-3.236641,-0.610687,0.916031,open
0.024658,1.011719,-0.123535,-3.175573,-0.671756,0.732824,open
0.022705,1.013184,-0.112549,-3.358779,-0.549618,0.610687,open
0.030762,1.010742,-0.120117,-3.175573,-0.549618,0.732824,open
0.030029,1.008545,-0.112061,-3.297710,-0.671756,0.916031,open
0.026367,1.003906,-0.120361,-3.419847,-0.732824,0.793893,open
0.030029,1.010498,-0.119873,-3.175573,-0.610687,0.732824,open
0.029297,1.001953,-0.121582,-3.175573,-0.854962,0.732824,open
0.023926,1.006836,-0.118896,-3.114504,-0.793893,0.854962,open
0.029785,1.013184,-0.115234,-3.175573,-0.671756,0.854962,open
0.025146,1.010498,-0.118652,-3.236641,-0.671756,0.916031,open
0.031982,1.008789,-0.117676,-3.114504,-0.610687,0.732824,open
0.023682,1.011230,-0.123291,-3.175573,-0.671756,0.916031,open
0.022705,1.008789,-0.119141,-3.358779,-0.671756,0.793893,open
0.028076,1.005371,-0.113770,-3.297710,-0.549618,0.916031,open
0.030273,1.008789,-0.125488,-3.175573,-0.671756,0.732824,open
0.028809,1.013428,-0.122559,-3.419847,-0.610687,0.854962,open
0.033203,1.006348,-0.114746,-3.175573,-0.488550,0.793893,open
0.024414,1.013916,-0.121582,-3.297710,-0.854962,0.793893,open
0.029053,1.013428,-0.116699,-3.297710,-0.671756,0.671756,open
0.029053,1.006592,-0.116943,-3.175573,-0.610687,0.916031,open
0.029297,1.004150,-0.110352,-3.175573,-0.610687,0.854962,open
0.024658,1.010986,-0.111816,-3.236641,-0.549618,0.732824,open
0.032227,1.010742,-0.118896,-3.236641,-0.732824,0.610687,open
0.024902,1.011475,-0.114502,-3.236641,-0.671756,0.793893,open
0.023193,1.007324,-0.113525,-3.297710,-0.427481,0.854962,open
0.033936,1.012695,-0.123047,-3.236641,-0.549618,0.671756,open
0.022217,1.011963,-0.110352,-3.236641,-0.732824,0.977099,open
0.024658,1.004639,-0.115234,-3.358779,-0.549618,0.793893,open
0.023926,1.006104,-0.112305,-3.236641,-0.549618,0.732824,open
0.027832,1.007080,-0.117920,-3.358779,-0.610687,0.916031,open
0.022461,1.009521,-0.119629,-3.297710,-0.610687,0.854962,open
0.031738,1.010254,-0.110352,-3.297710,-0.732824,0.854962,open
0.028076,1.007568,-0.119385,-3.236641,-0.610687,0.732824,open
0.028076,1.013916,-0.118652,-3.419847,-0.732824,0.610687,open
0.025146,1.009277,-0.117188,-3.175573,-0.549618,0.732824,open
0.022949,1.008545,-0.122070,-3.236641,-0.427481,0.671756,open
0.028564,1.008057,-0.122559,-3.358779,-0.671756,0.916031,open
0.026611,1.009766,-0.115723,-3.297710,-0.671756,0.854962,open
0.026611,1.007812,-0.113037,-3.236641,-0.671756,0.854962,open
0.027588,1.008545,-0.112793,-3.175573,-0.671756,0.793893,open
0.029541,1.013184,-0.118896,-3.480916,-0.610687,0.732824,open
0.029785,1.008545,-0.112549,-3.358779,-0.793893,0.916031,open
0.030273,1.004883,-0.113525,-3.419847,-0.671756,0.793893,open
0.030518,1.009277,-0.143066,-3.786260,-0.793893,0.793893,open
0.032959,1.013428,-0.119385,-3.358779,-0.793893,0.732824,open
0.027832,1.003174,-0.122559,-3.358779,-0.671756,0.916031,open
0.027344,1.011719,-0.115234,-3.297710,-0.793893,0.732824,open
0.026367,1.005371,-0.114990,-3.053435,-0.671756,0.610687,open
0.030762,1.007812,-0.121826,-3.236641,-0.793893,0.793893,open
0.033203,1.008789,-0.126709,-3.358779,-0.854962,0.671756,open
0.028076,1.008301,-0.123047,-3.358779,-0.854962,1.099237,open
0.025879,1.002930,-0.122070,-3.175573,-0.793893,0.610687,open
0.026123,0.999756,-0.115234,-3.175573,-0.916031,0.671756,open
0.020508,1.010010,-0.114014,-3.236641,-0.854962,0.977099,open
0.026855,1.011963,-0.119385,-3.236641,-0.793893,0.916031,open
0.028320,1.005371,-0.110352,-3.297710,-0.671756,0.793893,open
0.037109,1.010986,-0.105957,-3.297710,-0.916031,0.916031,open
0.027588,1.002930,-0.116699,-3.114504,-0.854962,0.671756,open
0.024902,1.011719,-0.112793,-3.053435,-0.488550,0.854962,open
0.029297,1.010254,-0.106445,-3.175573,-0.671756,0.916031,open
0.026611,1.008057,-0.118652,-3.053435,-0.793893,0.732824,open
0.025879,1.010986,-0.111816,-3.297710,-0.549618,0.854962,open
0.024170,1.011963,-0.102783,-3.236641,-0.793893,0.793893,open
0.027344,1.004395,-0.120850,-3.236641,-0.732824,0.793893,open
0.032959,1.002930,-0.115479,-3.175573,-0.671756,0.732824,open
0.019531,1.006104,-0.110107,-3.053435,-0.549618,0.854962,open
0.027344,0.997559,-0.119873,-3.114504,-0.671756,0.854962,open
0.023682,1.005371,-0.109619,-3.480916,-0.610687,0.732824,open
0.021729,1.007812,-0.128662,-3.297710,-0.671756,0.549618,open
0.024414,1.007812,-0.124023,-3.236641,-0.488550,0.977099,open
0.023926,1.012207,-0.122803,-3.175573,-0.793893,0.916031,open
0.032959,1.006104,-0.126221,-3.236641,-0.671756,0.977099,open
0.031982,1.006836,-0.124756,-3.480916,-0.854962,0.793893,open
0.031494,1.007812,-0.123291,-3.664122,-0.854962,0.732824,open
0.026855,1.009521,-0.118896,-3.419847,-0.854962,0.854962,open
0.026123,1.007324,-0.122314,-3.297710,-0.916031,0.732824,open
0.029785,1.008301,-0.120361,-3.297710,-0.916031,0.610687,open
0.034180,1.007812,-0.129150,-3.236641,-0.854962,0.793893,open
0.034912,1.014160,-0.117676,-3.297710,-1.160305,0.793893,open
0.022949,1.011719,-0.117920,-3.236641,-1.038168,0.732824,open
0.023193,1.000732,-0.128174,-3.358779,-1.160305,0.732824,open
0.024902,1.007324,-0.123779,-3.358779,-1.221374,0.732824,open
0.025146,1.008057,-0.112793,-3.175573,-1.282443,0.793893,open
0.029297,1.009277,-0.119141,-3.114504,-1.343511,0.549618,open
0.029541,1.008545,-0.124512,-3.175573,-1.099237,0.793893,open
0.034912,1.005615,-0.115234,-3.358779,-1.282443,0.916031,open
0.018311,1.019287,-0.114014,-3.358779,-1.099237,0.793893,open
0.027344,1.004395,-0.121582,-3.053435,-1.343511,0.854962,open
0.025635,1.008301,-0.106201,-3.236641,-1.099237,0.854962,open
0.032959,1.012451,-0.111816,-2.870229,-1.343511,0.916031,open
0.024414,1.006348,-0.115479,-3.664122,-1.221374,0.793893,open
0.026123,1.013916,-0.118164,-3.297710,-1.404580,0.732824,open
0.027588,1.010010,-0.119629,-3.297710,-1.221374,0.671756,open
0.031250,1.006836,-0.118652,-3.114504,-1.282443,0.793893,open
0.026123,1.010498,-0.130615,-3.297710,-1.343511,0.671756,open
0.030273,1.014160,-0.119873,-3.358779,-1.282443,0.854962,open
0.024658,1.007080,-0.116699,-3.419847,-1.404580,0.793893,open
0.029297,1.005371,-0.114746,-3.297710,-1.221374,0.793893,open
0.029541,1.007080,-0.115967,-3.297710,-1.282443,0.732824,open
0.028809,1.011230,-0.117920,-3.236641,-1.282443,0.732824,open
0.029785,1.013428,-0.129150,-3.175573,-1.465649,0.916031,open
0.026611,1.009033,-0.120361,-3.297710,-1.465649,0.977099,open
0.022705,1.009766,-0.116455,-3.236641,-1.282443,0.916031,open
0.024902,1.008545,-0.112305,-3.236641,-1.099237,0.916031,open
0.027344,1.008057,-0.120361,-3.358779,-1.526718,0.977099,open
0.018555,1.010498,-0.107178,-3.358779,-1.404580,0.916031,open
0.022461,1.006348,-0.119141,-3.297710,-1.465649,0.671756,open
0.017334,1.007324,-0.117188,-3.297710,-1.465649,0.671756,open
0.033447,1.006104,-0.118896,-3.297710,-1.343511,0.732824,open
0.028320,1.010742,-0.119873,-3.236641,-1.343511,0.916031,open
0.027344,1.012451,-0.117188,-3.297710,-1.526718,0.854962,open
0.028076,1.009033,-0.109131,-3.480916,-1.404580,0.977099,open
0.028809,1.007324,-0.116455,-3.175573,-1.343511,0.610687,open
0.028564,1.008545,-0.115234,-3.419847,-1.404580,0.732824,open
0.029785,1.005371,-0.104004,-3.114504,-1.526718,0.671756,open
0.031494,1.000977,-0.108887,-3.175573,-1.160305,0.793893,open
0.024658,1.007080,-0.112793,-3.480916,-1.099237,0.671756,open
0.025146,1.003418,-0.116211,-3.236641,-1.099237,0.793893,open
0.031494,1.008789,-0.107178,-3.297710,-1.465649,0.793893,open
0.025146,1.007812,-0.113281,-3.114504,-1.099237,0.854962,open
0.021729,1.012451,-0.112793,-3.175573,-1.099237,0.671756,open
0.022217,1.011230,-0.116455,-3.236641,-1.221374,0.916031,open
0.025391,1.010986,-0.116455,-2.992366,-1.038168,0.793893,open
0.025146,1.011230,-0.120605,-3.236641,-1.160305,0.793893,open
0.026855,1.009766,-0.111328,-3.419847,-1.282443,0.793893,open
0.024414,1.008789,-0.117188,-3.175573,-1.099237,1.038168,open
0.028809,1.008057,-0.114258,-3.236641,-1.160305,0.977099,open
0.029297,1.007324,-0.109863,-3.297710,-1.221374,0.793893,open
0.020264,1.015381,-0.107666,-3.114504,-0.977099,0.793893,open
0.019287,1.004639,-0.120605,-3.297710,-1.160305,0.916031,open
0.024414,1.009521,-0.112793,-3.297710,-1.038168,0.732824,open
0.027588,1.014893,-0.122803,-3.480916,-0.916031,0.732824,open
0.026123,1.007324,-0.105225,-3.358779,-0.916031,0.610687,open
0.020996,1.009521,-0.109619,-3.236641,-0.916031,0.793893,open
0.031982,1.010742,-0.115479,-3.297710,-0.977099,0.793893,open
0.029297,1.010010,-0.116455,-3.114504,-0.793893,0.793893,open
0.025391,1.007568,-0.119873,-3.480916,-0.610687,0.732824,open
0.019287,1.002686,-0.112549,-3.236641,-0.793893,0.732824,open
0.025146,1.007080,-0.126221,-3.297710,-0.854962,0.793893,open
0.036621,1.007812,-0.121338,-3.358779,-0.732824,0.671756,open
0.025879,1.008057,-0.113525,-3.419847,-1.038168,0.854962,open
0.023438,1.008545,-0.111328,-3.236641,-0.977099,0.793893,open
0.025635,1.006348,-0.113525,-3.297710,-0.732824,0.854962,open
0.033691,1.003174,-0.123291,-3.236641,-1.038168,0.793893,open
0.020752,1.008789,-0.119873,-3.419847,-0.916031,0.854962,open
0.026611,1.017090,-0.120850,-3.297710,-1.038168,0.916031,open
0.021240,1.007080,-0.107422,-3.297710,-0.854962,0.732824,open
0.027588,1.008545,-0.118408,-3.114504,-0.916031,0.732824,open
0.030029,1.005615,-0.115723,-3.358779,-1.038168,0.793893,open
0.025391,1.005615,-0.123291,-3.419847,-0.854962,0.977099,open
0.023193,1.010498,-0.116699,-3.297710,-0.916031,0.732824,open
0.027344,1.008545,-0.114746,-3.175573,-1.038168,0.793893,open
0.027588,1.012939,-0.114258,-3.114504,-0.977099,1.099237,open
0.025391,1.004883,-0.115723,-3.358779,-1.038168,0.793893,open
0.031738,1.008789,-0.112793,-3.419847,-1.038168,0.916031,open
0.028809,1.011475,-0.112305,-3.236641,-1.038168,0.854962,open
0.034668,1.010986,-0.127441,-3.114504,-1.099237,0.671756,open
0.024414,1.010010,-0.111572,-3.114504,-0.916031,0.732824,open
0.027100,1.011230,-0.109863,-3.114504,-0.854962,0.671756,open
0.031982,1.010254,-0.106689,-3.175573,-0.977099,0.732824,open
0.030029,1.009277,-0.108154,-3.358779,-0.671756,0.916031,open
0.027344,1.011230,-0.119629,-3.297710,-0.793893,0.732824,open
0.032959,1.011719,-0.112305,-3.236641,-0.671756,0.916031,open
0.028320,1.007080,-0.119385,-3.297710,-0.854962,0.671756,open
0.029053,1.007568,-0.115479,-3.114504,-0.854962,0.732824,open
0.026611,1.008545,-0.116455,-3.114504,-0.671756,0.793893,open
0.028564,1.008057,-0.110107,-3.358779,-1.038168,0.671756,open
0.028076,1.004883,-0.123535,-3.358779,-0.916031,0.732824,open
0.025146,1.005615,-0.112793,-3.114504,-0.916031,0.793893,open
0.025879,1.006836,-0.116699,-3.358779,-0.977099,0.793893,open
0.028809,1.009521,-0.114746,-3.114504,-0.793893,0.854962,open
0.029053,1.005615,-0.117920,-3.358779,-0.977099,0.671756,open
0.023682,1.006592,-0.113770,-3.236641,-0.916031,0.671756,open
0.026123,1.007812,-0.115479,-3.175573,-0.854962,0.916031,open
0.030762,1.011719,-0.108398,-3.297710,-0.916031,0.793893,open
0.028320,1.014893,-0.117188,-3.236641,-0.610687,0.854962,open
0.028320,1.007568,-0.119873,-3.297710,-0.854962,0.732824,open
0.029541,1.010986,-0.117920,-3.236641,-0.793893,0.916031,open
0.027588,1.007080,-0.111572,-3.114504,-0.732824,0.793893,open
0.025146,1.010254,-0.115723,-3.297710,-0.488550,0.854962,open
0.028320,1.007568,-0.114258,-3.480916,-0.793893,0.916031,open
0.025635,1.010010,-0.115234,-3.297710,-0.488550,0.977099,open
0.025391,1.008301,-0.117676,-3.297710,-0.732824,0.671756,open
0.026855,1.012207,-0.107178,-3.236641,-0.610687,0.671756,open
0.026855,1.009033,-0.107666,-3.358779,-0.488550,0.732824,open
0.025391,1.009766,-0.116211,-3.114504,-0.549618,0.671756,open
0.024658,1.007324,-0.111328,-3.175573,-0.366412,0.854962,open
0.030518,1.013672,-0.111816,-3.236641,-0.488550,0.610687,open
0.025146,1.006348,-0.108887,-3.358779,-0.488550,0.671756,open
0.025635,1.006836,-0.114502,-3.114504,-0.427481,0.916031,open
0.026611,1.008057,-0.118164,-3.236641,-0.488550,0.793893,open
0.024902,1.010254,-0.113525,-3.175573,-0.427481,0.732824,open
0.027588,1.014160,-0.117188,-3.236641,-0.366412,0.793893,open
0.030029,1.005615,-0.121582,-3.541985,-0.488550,0.793893,open
0.029053,1.006104,-0.124756,-3.236641,-0.549618,0.916031,open
0.022705,1.013428,-0.111328,-3.297710,-0.549618,0.732824,open
0.025146,1.009277,-0.118164,-3.236641,-0.488550,0.793893,open
0.032227,1.011475,-0.116455,-3.236641,-0.305344,0.671756,open
0.029053,1.011963,-0.115479,-3.175573,-0.366412,0.854962,open
0.024658,1.010986,-0.119873,-3.419847,-0.366412,0.916031,open
0.023926,1.004395,-0.115234,-3.297710,-0.488550,0.793893,open
0.033936,1.009033,-0.110107,-3.297710,-0.244275,0.793893,open
0.026855,1.007080,-0.116699,-3.175573,-0.427481,0.732824,open
0.029785,1.012207,-0.120850,-3.358779,-0.488550,0.793893,open
0.027832,1.008057,-0.121826,-3.236641,-0.427481,0.916031,open
0.031006,1.008789,-0.117676,-3.175573,-0.488550,0.671756,open
0.029297,1.003174,-0.120117,-3.297710,-0.427481,0.793893,open
0.027344,1.009766,-0.109131,-3.175573,-0.488550,0.854962,open
0.026123,1.008057,-0.113281,-3.114504,-0.549618,0.610687,open
0.030518,1.004639,-0.112793,-3.358779,-0.427481,0.732824,open
0.027588,1.010010,-0.111816,-3.358779,-0.366412,0.916031,open
0.023926,1.010986,-0.108643,-3.419847,-0.610687,0.671756,open
0.027100,1.000977,-0.115967,-3.297710,-0.427481,0.854962,open
0.025146,1.007568,-0.118164,-3.175573,-0.366412,0.854962,open
0.032227,1.008545,-0.117188,-2.931298,-0.488550,0.793893,open
0.030029,1.008301,-0.114258,-3.419847,-0.305344,0.916031,open
0.030273,1.004639,-0.123535,-3.419847,-0.671756,0.793893,open
0.028564,1.008057,-0.120361,-3.236641,-0.732824,0.854962,open
0.022217,1.008789,-0.105713,-3.114504,-0.793893,0.732824,open
0.025146,1.008301,-0.109131,-3.236641,-0.916031,0.732824,open
0.034424,1.005859,-0.124512,-3.480916,-0.610687,0.854962,open
0.029541,1.011719,-0.112793,-3.175573,-0.793893,0.793893,open
0.024170,1.004150,-0.127197,-3.419847,-0.793893,0.793893,open
0.029541,1.014160,-0.125732,-3.175573,-0.854962,0.793893,open
0.027100,1.012207,-0.107178,-2.992366,-0.732824,0.793893,open
0.037109,1.007080,-0.110596,-3.297710,-0.671756,0.793893,open
0.029297,1.006836,-0.116943,-3.175573,-0.732824,0.854962,open
0.021484,1.005615,-0.107666,-3.419847,-0.793893,0.732824,open
0.024414,1.002686,-0.111572,-3.175573,-0.488550,0.732824,open
0.029053,1.009033,-0.112061,-3.175573,-0.732824,0.793893,open
0.030762,1.013672,-0.114014,-3.175573,-0.671756,0.916031,open
0.024658,1.008301,-0.106689,-3.297710,-0.366412,0.671756,open
0.019287,1.005371,-0.112793,-3.297710,-0.366412,0.671756,open
0.031250,1.008057,-0.110107,-3.358779,-0.488550,0.854962,open
0.031738,1.007324,-0.115234,-3.297710,-0.366412,0.916031,open
0.034668,1.007812,-0.121338,-3.175573,-0.366412,0.793893,open
0.028320,1.004639,-0.114258,-3.297710,-0.305344,0.610687,open
0.032227,1.006348,-0.113770,-3.236641,-0.366412,0.854962,open
0.030029,1.008545,-0.113525,-3.358779,-0.244275,0.854962,open
0.023193,1.011963,-0.121094,-3.358779,-0.305344,0.732824,open
0.025391,1.007812,-0.119629,-3.297710,-0.244275,0.732824,open
0.022461,1.000977,-0.114258,-3.358779,-0.305344,0.977099,open
0.025391,1.009766,-0.119629,-3.297710,-0.183206,0.793893,open
0.029053,1.011475,-0.120605,-3.175573,-0.244275,0.671756,open
0.021240,1.014648,-0.119385,-3.297710,-0.305344,0.732824,open
0.025391,1.005371,-0.111572,-3.419847,-0.244275,0.854962,open
0.030518,1.011230,-0.113770,-3.358779,-0.244275,0.793893,open
0.029785,1.011719,-0.123047,-3.175573,-0.305344,0.671756,open
0.023926,1.010986,-0.120850,-3.236641,-0.305344,0.793893,open
0.030518,1.010254,-0.120361,-3.419847,-0.366412,0.793893,open
0.027344,1.012451,-0.117188,-3.297710,-0.427481,0.793893,open
0.024902,1.010010,-0.118652,-3.297710,-0.183206,0.671756,open
0.023926,1.006836,-0.109863,-3.175573,-0.244275,0.793893,open
0.026367,1.009277,-0.117676,-3.358779,-0.183206,0.854962,open
0.030029,1.013184,-0.118896,-3.297710,-0.244275,0.916031,open
0.025146,1.004883,-0.109863,-3.297710,-0.061069,0.854962,open
0.023682,1.012451,-0.123047,-3.236641,-0.122137,0.793893,open
0.027100,1.003174,-0.114258,-3.297710,0.061069,0.916031,open
0.031738,1.008789,-0.118408,-3.297710,-0.183206,0.793893,open
0.028076,1.006348,-0.111328,-3.114504,-0.183206,0.854962,open
0.019531,1.008301,-0.123047,-3.236641,-0.183206,0.732824,open
0.024414,1.005859,-0.121826,-3.236641,-0.244275,0.671756,open
0.021240,1.010986,-0.123047,-3.236641,-0.244275,0.793893,open
0.022949,1.012207,-0.123047,-3.358779,-0.305344,0.854962,open
0.022217,1.007324,-0.119385,-3.297710,-0.366412,0.732824,open
0.025879,1.011719,-0.122070,-3.297710,-0.366412,0.732824,open
0.022217,1.007568,-0.117188,-3.297710,-0.366412,0.793893,open
0.024414,1.007324,-0.121338,-3.175573,-0.366412,0.854962,open
0.023193,1.010498,-0.123047,-3.297710,-0.427481,0.671756,open
0.019287,1.010254,-0.119629,-3.236641,-0.305344,0.732824,open
0.027588,1.003662,-0.121338,-3.114504,-0.366412,0.793893,open
0.029297,1.000488,-0.120361,-3.358779,-0.305344,0.854962,open
0.031006,1.007568,-0.122070,-3.236641,-0.488550,0.854962,open
0.024902,1.011719,-0.113281,-3.236641,-0.427481,0.916031,open
0.024170,1.010742,-0.124512,-3.297710,-0.122137,0.732824,open
0.031494,1.005371,-0.119385,-3.297710,-0.305344,0.732824,open
0.027588,1.002930,-0.111084,-3.236641,-0.244275,0.671756,open
0.028076,1.009766,-0.115479,-3.419847,-0.305344,0.793893,open
0.022217,1.010254,-0.111084,-3.175573,-0.488550,0.854962,open
0.027100,1.008545,-0.118896,-3.358779,-0.427481,0.854962,open
0.024170,1.003906,-0.113281,-3.358779,-0.427481,0.732824,open
0.025146,1.006348,-0.118164,-3.236641,-0.427481,0.977099,open
0.022217,1.012207,-0.115479,-3.297710,-0.366412,0.793893,open
0.026855,1.013184,-0.116699,-3.297710,-0.305344,0.732824,open
0.030273,1.008057,-0.110596,-3.297710,-0.366412,0.732824,open
0.024414,1.003418,-0.124756,-3.175573,-0.427481,0.793893,open
0.024658,1.010986,-0.118164,-3.236641,-0.305344,0.671756,open
0.022705,1.008301,-0.132324,-3.114504,-0.427481,0.793893,open
0.020996,1.014404,-0.115234,-3.175573,-0.488550,0.793893,open
0.025635,1.008545,-0.124756,-3.358779,-0.427481,0.916031,open
0.024414,1.009766,-0.116455,-3.236641,-0.305344,0.793893,open
0.025635,1.009277,-0.115723,-3.297710,-0.366412,0.671756,open
0.034180,1.008545,-0.116699,-3.297710,-0.427481,0.732824,open
0.030518,1.008301,-0.118408,-3.175573,-0.488550,0.977099,open
0.029541,1.011963,-0.117920,-3.175573,-0.427481,0.671756,open
0.025879,1.012207,-0.120850,-3.297710,-0.488550,0.793893,open
0.027832,1.013184,-0.114258,-3.297710,-0.427481,0.671756,open
0.029053,1.011475,-0.114258,-3.175573,-0.488550,0.854962,open
0.023438,1.008545,-0.113037,-3.297710,-0.610687,0.854962,open
0.022949,1.003906,-0.118408,-3.175573,-0.244275,0.671756,open
0.023682,1.007080,-0.113037,-3.175573,-0.427481,0.732824,open
0.032959,1.012939,-0.107422,-3.358779,-0.427481,0.671756,open
0.031982,1.004150,-0.117676,-3.297710,-0.305344,0.671756,open
0.019775,1.003418,-0.106689,-3.297710,-0.305344,0.854962,open
0.028809,1.006836,-0.109619,-3.175573,-0.122137,0.854962,open
0.027588,1.008057,-0.120850,-3.175573,-0.122137,0.732824,open
0.031006,1.008057,-0.119629,-3.114504,-0.061069,0.916031,open
0.030273,1.008057,-0.111572,-3.236641,0.000000,0.916031,open
0.028564,1.005615,-0.110596,-3.175573,0.183206,0.793893,open
0.024902,1.007812,-0.104492,-3.236641,0.122137,0.732824,open
0.022461,1.009521,-0.106445,-3.297710,0.000000,0.793893,open
0.022949,1.007324,-0.107666,-3.236641,0.183206,0.671756,open
0.028564,1.003418,-0.114990,-3.175573,0.305344,0.732824,open
0.027344,1.008789,-0.108887,-3.114504,0.244275,0.732824,open
0.021729,1.006592,-0.116943,-3.236641,0.366412,0.732824,open
0.027832,1.006104,-0.110352,-3.358779,0.244275,0.671756,open
0.022217,1.004150,-0.111572,-3.175573,0.366412,0.793893,open
0.027344,1.011230,-0.100098,-3.236641,0.305344,0.854962,open
0.021973,1.010498,-0.112305,-3.236641,0.305344,0.732824,open
0.030029,1.015137,-0.109619,-3.358779,0.427481,0.793893,open
0.020752,1.010986,-0.115479,-3.175573,0.549618,0.916031,open
0.029297,1.008789,-0.117676,-3.236641,0.366412,0.854962,open
0.028809,1.015869,-0.122559,-3.114504,0.549618,0.671756,open
0.026855,1.012695,-0.120605,-3.297710,0.488550,0.793893,open
0.026855,1.011963,-0.111084,-3.114504,0.488550,0.793893,open
0.023682,1.008789,-0.113525,-3.297710,0.549618,0.732824,open
0.028809,1.010010,-0.112305,-3.236641,0.427481,0.793893,open
0.026123,1.008301,-0.110107,-3.358779,0.671756,0.671756,open
0.022461,1.006104,-0.109619,-3.297710,0.610687,0.732824,open
0.028320,1.007324,-0.118164,-3.175573,0.671756,0.793893,open
0.028076,1.011719,-0.123047,-3.358779,0.610687,0.793893,open
0.025635,1.009277,-0.111084,-3.358779,0.488550,0.916031,open
0.030518,1.010010,-0.119629,-3.358779,0.488550,0.732824,open
0.022461,1.006348,-0.114014,-3.236641,0.610687,0.732824,open
0.025879,1.009766,-0.121094,-3.175573,0.671756,0.854962,open
0.026855,1.014404,-0.116211,-3.297710,0.610687,0.793893,open
0.028076,1.008057,-0.118652,-3.419847,0.549618,0.793893,open
0.028564,1.004883,-0.119873,-3.297710,0.610687,0.671756,open
0.024658,1.009521,-0.114014,-3.236641,0.427481,0.854962,open
0.032227,1.002686,-0.128662,-3.175573,0.549618,0.854962,open
0.031006,1.013428,-0.127686,-3.114504,0.610687,0.793893,open
0.022949,1.009766,-0.118652,-3.358779,0.366412,0.732824,open
0.025146,1.006592,-0.120361,-3.114504,0.488550,0.793893,open
0.026855,1.010254,-0.117676,-3.175573,0.427481,0.793893,open
0.028564,1.009033,-0.114990,-3.358779,0.366412,0.732824,open
0.028076,1.005615,-0.118896,-3.358779,0.671756,0.671756,open
0.025635,1.007324,-0.119873,-3.358779,0.183206,0.793893,open
0.030273,1.014893,-0.120361,-3.236641,0.244275,0.916031,open
0.020508,1.001709,-0.118896,-3.358779,0.244275,0.793893,open
0.027588,1.005371,-0.125732,-3.114504,0.183206,0.977099,open
0.032227,1.014648,-0.123291,-3.236641,0.122137,0.732824,open
0.023926,1.008789,-0.119873,-3.358779,0.244275,0.732824,open
0.026855,1.012451,-0.127197,-3.175573,0.061069,0.732824,open
0.028320,1.013428,-0.125000,-3.175573,-0.061069,0.793893,open
0.028076,1.004395,-0.119629,-3.114504,0.122137,0.793893,open
0.024902,1.017334,-0.119141,-3.175573,0.000000,0.854962,open
0.030762,1.008545,-0.122803,-3.358779,-0.061069,0.671756,open
0.027344,1.008301,-0.122559,-3.297710,-0.122137,0.732824,open
0.022949,1.005859,-0.124023,-3.297710,-0.122137,0.854962,open
0.028320,1.013672,-0.121094,-3.236641,-0.244275,0.854962,open
0.029297,1.010742,-0.123779,-3.236641,-0.061069,0.793893,open
0.027832,1.009277,-0.116455,-3.419847,-0.122137,0.854962,open
0.028564,1.009277,-0.114014,-3.419847,-0.244275,0.854962,open
0.024902,1.012207,-0.114258,-3.297710,-0.183206,0.793893,open
0.030029,1.006592,-0.120361,-3.236641,-0.305344,0.671756,open
0.020264,1.005859,-0.112305,-3.297710,-0.244275,0.854962,open
0.024414,1.011230,-0.111328,-3.297710,-0.305344,0.854962,open
0.031738,1.010254,-0.128906,-3.236641,-0.305344,0.854962,open
0.025635,1.014648,-0.115723,-3.297710,-0.305344,0.793893,open
0.023193,1.012695,-0.112305,-3.297710,-0.305344,0.793893,open
0.030029,1.007568,-0.109375,-3.236641,-0.427481,0.854962,open
0.032471,1.007324,-0.112305,-3.297710,-0.244275,0.916031,open
0.025879,1.010498,-0.114502,-3.236641,-0.122137,0.916031,open
0.028320,1.010254,-0.108887,-3.358779,-0.183206,0.732824,open
0.029541,1.011719,-0.121826,-3.236641,0.000000,0.732824,open
0.026367,1.009521,-0.104248,-3.297710,-0.061069,0.732824,open
0.027588,1.010986,-0.114746,-3.297710,0.122137,0.854962,open
0.026123,1.010986,-0.107178,-3.175573,0.061069,0.854962,open
0.028809,1.006104,-0.113281,-3.236641,0.122137,0.732824,open
0.026611,1.010254,-0.115723,-3.297710,0.183206,0.854962,open
0.022461,1.004150,-0.116943,-3.297710,0.122137,0.671756,open
0.028809,1.007812,-0.119873,-3.236641,0.183206,0.732824,open
0.025879,1.013672,-0.123291,-3.175573,-0.061069,0.916031,open
0.024658,1.006836,-0.124268,-3.236641,0.366412,0.793893,open
0.030518,1.016602,-0.112061,-3.175573,0.122137,0.671756,open
0.030029,1.006348,-0.114014,-3.175573,0.183206,0.854962,open
0.024902,1.005615,-0.123291,-3.236641,0.122137,0.916031,open
0.025391,1.009521,-0.135986,-3.114504,-0.549618,0.671756,open
0.019043,1.013428,-0.158447,-2.992366,-0.427481,0.916031,open
0.021729,1.009521,-0.166260,-3.175573,-0.488550,0.793893,open
0.022949,1.011230,-0.108398,-3.419847,-0.793893,0.671756,open
0.013428,1.013428,-0.134277,-3.480916,-1.038168,0.732824,open
0.041504,1.000488,-0.142334,-3.908397,-1.038168,0.793893,open
0.029053,1.009277,-0.126953,-3.603053,-0.854962,0.793893,open
0.023193,1.005127,-0.082275,-2.748092,-1.160305,0.732824,open
0.029297,1.006592,-0.123779,-3.480916,-1.282443,0.732824,open
0.014893,1.009277,-0.096436,-3.053435,-0.671756,0.732824,open
0.029053,1.008057,-0.081055,-3.175573,-0.671756,0.732824,open
0.031006,1.007324,-0.117188,-3.603053,-0.977099,0.916031,open
0.032471,1.007080,-0.111328,-3.419847,-0.549618,0.793893,open
0.021240,1.009033,-0.108398,-2.748092,-0.305344,0.916031,open
0.027100,1.006348,-0.113281,-2.992366,-0.671756,0.793893,open
0.034668,1.008057,-0.111328,-3.175573,-0.366412,0.793893,open
0.028076,1.007080,-0.118164,-3.114504,-0.183206,0.732824,open
0.023438,1.013428,-0.097656,-3.297710,-0.305344,0.916031,open
0.028564,1.007080,-0.110107,-3.358779,-0.183206,0.854962,open
0.027344,1.003418,-0.127686,-2.931298,-0.488550,0.854962,open
0.021240,1.006836,-0.115479,-2.992366,-0.488550,0.732824,open
0.022705,1.013428,-0.144287,-3.236641,-0.366412,0.854962,open
0.026367,1.005859,-0.131348,-3.236641,-0.610687,0.793893,open
0.024658,1.012695,-0.133057,-3.480916,-0.793893,0.854962,open
0.020996,1.004883,-0.131348,-3.480916,-0.671756,0.793893,open
0.023926,1.014893,-0.126709,-3.419847,-0.793893,0.916031,open
0.029053,1.002686,-0.093018,-3.114504,-0.854962,0.732824,open
0.023682,1.005371,-0.116455,-3.480916,-0.793893,0.793893,open
0.030273,1.001709,-0.118896,-3.297710,-0.671756,0.732824,open
0.028076,1.006348,-0.106445,-3.053435,-0.549618,0.916031,open
0.023438,1.016602,-0.112305,-3.603053,-0.488550,0.732824,open
0.020752,1.005859,-0.103027,-3.358779,-0.427481,0.793893,open
0.027344,1.001465,-0.102783,-3.175573,-0.488550,0.732824,open
0.018311,1.008789,-0.121094,-3.419847,-0.427481,0.671756,open
0.028076,1.007812,-0.144287,-3.236641,-0.488550,0.854962,open
0.028564,1.006592,-0.123535,-3.053435,-0.305344,0.793893,open
0.025146,1.011475,-0.125732,-3.419847,-0.549618,0.793893,open
0.030029,1.002197,-0.131104,-3.480916,-0.854962,0.854962,open
0.021240,1.006104,-0.116943,-3.236641,-0.732824,0.671756,open
0.027344,1.001465,-0.119385,-3.297710,-0.671756,0.854962,open
0.035889,1.012939,-0.115479,-3.419847,-0.610687,0.793893,open
0.025146,1.006836,-0.103760,-2.992366,-0.732824,0.854962,open
0.026123,1.008789,-0.105713,-3.358779,-0.732824,0.854962,open
0.028564,1.005127,-0.122559,-3.236641,-0.427481,0.854962,open
0.034668,1.005127,-0.125244,-3.114504,-0.488550,0.916031,open
0.031494,1.007568,-0.104980,-2.992366,-0.671756,0.732824,open
0.022705,1.005615,-0.125732,-3.419847,-0.427481,0.793893,open
0.028320,1.011475,-0.131592,-3.175573,-0.427481,0.793893,open
0.022705,1.011719,-0.118652,-3.236641,-0.671756,0.732824,open
0.024658,1.011230,-0.125732,-3.297710,-0.732824,0.793893,open
0.021973,1.005859,-0.117432,-3.236641,-0.793893,0.793893,open
0.034912,1.007080,-0.106689,-3.419847,-0.610687,0.854962,open
0.032959,1.004883,-0.119385,-3.358779,-0.916031,0.854962,open
0.024170,1.003174,-0.120361,-3.114504,-0.671756,0.793893,open
0.026367,1.013184,-0.113525,-3.236641,-0.610687,0.732824,open
0.027588,1.015381,-0.119629,-3.297710,-0.610687,0.671756,open
0.029053,1.007812,-0.118164,-3.603053,-0.793893,0.793893,open
0.028320,1.008545,-0.116455,-3.419847,-0.671756,0.732824,open
0.028564,1.005615,-0.127930,-3.358779,-0.732824,0.916031,open
0.026123,1.007568,-0.115234,-3.175573,-0.488550,0.732824,open
0.026123,1.007324,-0.123535,-3.175573,-0.793893,0.610687,open
0.025635,1.007324,-0.109131,-3.175573,-0.671756,0.854962,open
0.027100,1.004883,-0.120605,-3.419847,-0.610687,0.854962,open
0.027832,1.010986,-0.115723,-3.175573,-0.732824,0.916031,open
0.026123,1.005127,-0.121094,-3.297710,-0.793893,0.854962,open
0.024414,1.011719,-0.118164,-3.236641,-0.549618,0.732824,open
0.026367,1.002197,-0.113525,-3.297710,-0.793893,0.732824,open
0.025879,1.016602,-0.117432,-3.114504,-0.793893,0.977099,open
0.027588,1.009766,-0.116455,-3.297710,-0.732824,0.854962,open
0.024658,1.012451,-0.112061,-3.053435,-0.488550,0.793893,open
0.032227,1.008057,-0.110840,-3.358779,-0.732824,1.038168,open
0.035400,1.004395,-0.121094,-3.297710,-0.671756,0.854962,open
0.030762,1.010498,-0.131348,-3.297710,-0.671756,0.793893,open
0.023926,1.008057,-0.127197,-3.297710,-0.610687,0.732824,open
0.027832,1.008789,-0.114014,-3.114504,-0.793893,0.854962,open
0.027832,1.008789,-0.115967,-3.236641,-0.610687,0.732824,open
0.033936,1.005615,-0.111084,-3.358779,-0.732824,0.916031,open
0.026855,1.005127,-0.124756,-3.480916,-0.732824,0.854962,open
0.032959,1.013672,-0.116699,-3.358779,-0.549618,0.671756,open
0.026855,1.004639,-0.121338,-3.358779,-0.488550,0.854962,open
0.030762,1.006104,-0.122559,-3.236641,-0.549618,0.793893,open
0.030518,1.006592,-0.110840,-3.053435,-0.671756,0.793893,open
0.026855,1.010254,-0.105713,-3.297710,-0.732824,0.732824,open
0.031494,1.008057,-0.111084,-3.358779,-0.488550,0.732824,open
0.022461,1.001709,-0.115234,-3.297710,-0.610687,0.793893,open
0.027588,1.009521,-0.120605,-3.236641,-0.610687,0.854962,open
0.032227,1.017334,-0.109863,-3.358779,-0.671756,0.671756,open
0.025879,1.011475,-0.114990,-3.175573,-0.427481,0.610687,open
0.033691,1.009277,-0.119141,-3.236641,-0.549618,0.671756,open
0.025879,1.012451,-0.122803,-3.297710,-0.671756,0.671756,open
0.022461,1.005127,-0.118408,-3.419847,-0.671756,0.732824,open
0.029785,1.008545,-0.123779,-3.236641,-0.488550,0.854962,open
0.024902,1.011719,-0.120361,-3.419847,-0.488550,0.793893,open
0.020996,1.009766,-0.115479,-3.175573,-0.488550,0.671756,open
0.029297,1.006104,-0.114746,-3.419847,-0.793893,0.854962,open
0.020508,1.009033,-0.125488,-3.175573,-0.549618,0.977099,open
0.030029,1.008789,-0.116211,-3.297710,-0.671756,0.671756,open
0.031006,1.010498,-0.108154,-3.175573,-0.366412,0.793893,open
0.032715,1.011719,-0.130371,-3.114504,-0.549618,0.732824,open
0.029297,1.009277,-0.108643,-3.297710,-0.610687,0.854962,open
0.023926,1.008789,-0.113037,-3.236641,-0.366412,0.793893,open
0.023682,1.012695,-0.116943,-2.992366,-0.671756,0.732824,open
0.020996,1.012695,-0.114990,-3.236641,-0.671756,0.854962,open
0.025879,1.008301,-0.117432,-3.175573,-0.732824,0.732824,open
0.025391,1.013428,-0.112061,-3.358779,-0.366412,0.916031,open
0.028320,1.012695,-0.118652,-3.114504,-0.671756,0.732824,open
0.017822,1.010010,-0.125732,-3.358779,-0.610687,0.671756,open
0.027344,1.008057,-0.129639,-3.419847,-0.671756,0.793893,open
0.022461,1.008301,-0.117920,-3.297710,-0.732824,0.671756,open
0.023682,1.010498,-0.114014,-3.419847,-0.610687,0.732824,open
0.032227,1.010498,-0.117920,-3.114504,-0.549618,0.671756,open
0.032227,1.003662,-0.117920,-3.175573,-0.488550,0.732824,open
0.029053,1.004639,-0.121094,-3.236641,-0.610687,0.977099,open
0.029785,1.012939,-0.112549,-3.175573,-0.732824,0.916031,open
0.023438,1.012695,-0.125977,-3.297710,-0.427481,0.916031,open
0.026611,1.010498,-0.124512,-2.992366,-0.671756,0.732824,open
0.022461,1.012207,-0.114990,-3.297710,-0.549618,0.854962,open
0.028320,1.008301,-0.122070,-3.297710,-0.610687,0.732824,open
0.025146,1.012939,-0.120361,-3.236641,-0.488550,0.854962,open
0.023193,1.010498,-0.118896,-3.358779,-0.610687,0.854962,open
0.029785,1.010010,-0.116699,-3.114504,-0.732824,0.854962,open
0.023193,1.007080,-0.128174,-3.114504,-0.671756,0.793893,open
0.033447,1.012939,-0.114746,-3.175573,-0.732824,0.732824,open
0.030273,1.011475,-0.111328,-3.236641,-0.610687,0.854962,open
0.026123,1.011719,-0.118652,-3.480916,-0.671756,0.916031,open
0.029053,1.004150,-0.119629,-3.297710,-0.488550,0.793893,open
0.028809,1.010742,-0.120361,-3.297710,-0.427481,0.732824,open
0.023926,1.007568,-0.119629,-3.236641,-0.549618,0.793893,open
0.028564,1.008545,-0.114258,-3.297710,-0.366412,0.793893,open
0.025879,1.007324,-0.122803,-3.358779,-0.671756,0.732824,open
0.027588,1.003174,-0.111328,-3.480916,-0.671756,0.732824,open
0.025146,1.008057,-0.124268,-3.297710,-0.488550,0.916031,open
0.022705,1.003174,-0.121338,-3.175573,-0.610687,0.732824,open
0.024658,1.010498,-0.114014,-3.175573,-0.671756,0.916031,open
0.029785,1.005615,-0.116211,-3.236641,-0.549618,0.671756,open
0.033203,1.007324,-0.114014,-3.358779,-0.671756,0.793893,open
0.023438,1.005127,-0.124512,-3.358779,-0.732824,0.854962,open
0.025879,1.007324,-0.119385,-3.297710,-0.488550,0.854962,open
0.026123,1.012451,-0.116455,-3.358779,-0.671756,0.732824,open
0.027100,1.003662,-0.124512,-3.236641,-0.427481,0.977099,open
0.028320,1.009766,-0.121582,-3.297710,-0.916031,0.549618,open
0.024902,1.009521,-0.126221,-3.358779,-0.549618,0.793893,open
0.023193,1.005127,-0.115479,-3.358779,-0.610687,0.854962,open
0.028076,1.014404,-0.123047,-3.358779,-0.488550,0.793893,open
0.026611,1.006592,-0.112061,-3.175573,-0.671756,0.916031,open
0.024658,1.010986,-0.114258,-3.297710,-0.793893,0.610687,open
0.023682,1.008789,-0.119141,-3.358779,-0.671756,0.671756,open
0.027344,1.008545,-0.110352,-3.053435,-0.793893,0.732824,open
0.031738,1.004639,-0.120361,-3.358779,-0.427481,0.732824,open
0.034668,1.002930,-0.122559,-3.175573,-0.793893,0.732824,open
0.018799,1.013428,-0.114502,-3.358779,-0.549618,0.916031,open
0.029785,1.010010,-0.117920,-3.297710,-0.671756,0.732824,open
0.027832,1.003662,-0.118652,-3.175573,-0.732824,0.793893,open
0.026123,1.007812,-0.124512,-3.297710,-0.549618,0.793893,open
0.031250,1.011475,-0.121582,-3.236641,-0.549618,0.732824,open
0.020264,1.011719,-0.122559,-3.175573,-0.671756,0.916031,open
0.027832,1.012451,-0.109375,-3.175573,-0.916031,0.793893,open
0.023438,1.005859,-0.122314,-2.992366,-0.793893,0.793893,open
0.026855,1.011230,-0.108398,-3.297710,-0.549618,0.671756,open
0.024902,1.011230,-0.116699,-3.358779,-0.610687,0.671756,open
0.031006,1.006348,-0.118408,-3.297710,-0.610687,0.793893,open
0.022217,1.008301,-0.115723,-3.297710,-0.671756,0.854962,open
0.032227,1.010010,-0.115479,-3.297710,-0.488550,0.916031,open
0.026367,1.005615,-0.119873,-3.297710,-0.610687,0.916031,open
0.022461,1.009277,-0.116699,-3.236641,-0.671756,0.732824,open
0.025146,1.005127,-0.116699,-3.297710,-0.549618,0.916031,open
0.026855,1.008057,-0.119629,-3.236641,-0.732824,0.671756,open
0.023682,1.002441,-0.122314,-3.358779,-0.671756,0.854962,open
0.027100,1.007812,-0.107422,-3.358779,-0.549618,0.671756,open
0.029541,1.009277,-0.123291,-3.175573,-0.549618,0.854962,open
0.028809,1.008789,-0.120361,-3.297710,-0.488550,0.854962,open
0.029785,1.014160,-0.115723,-3.419847,-0.732824,0.671756,open
0.024658,1.010254,-0.122314,-3.297710,-0.610687,0.793893,open
0.028320,1.009766,-0.118164,-3.297710,-0.793893,0.671756,open
0.027100,1.007812,-0.116455,-3.175573,-0.732824,0.549618,open
0.029541,1.008057,-0.117676,-3.358779,-0.732824,0.732824,open
0.023926,1.005859,-0.119385,-3.297710,-0.549618,0.732824,open
0.029541,1.001953,-0.121582,-3.297710,-0.610687,0.671756,open
0.029541,1.011230,-0.117432,-3.236641,-0.671756,0.854962,open
0.021484,1.006836,-0.117188,-3.175573,-0.671756,0.793893,open
0.023193,1.007324,-0.118652,-3.114504,-0.671756,0.732824,open
0.027832,1.008789,-0.110352,-3.297710,-0.366412,0.793893,open
0.020752,1.006836,-0.120117,-3.236641,-0.732824,0.610687,open
0.028809,1.007324,-0.120117,-3.358779,-0.427481,0.793893,open
0.024170,1.006836,-0.114502,-3.175573,-0.427481,0.854962,open
0.029053,1.008057,-0.110840,-3.175573,-0.671756,0.916031,open
0.029297,1.009277,-0.113037,-3.297710,-0.671756,0.732824,open
0.030029,1.006836,-0.110840,-3.419847,-0.488550,0.916031,open
0.022217,1.006836,-0.115967,-3.358779,-0.671756,0.916031,open
0.020264,1.004883,-0.114502,-3.297710,-0.610687,0.732824,open
0.028076,1.005127,-0.113770,-3.358779,-0.610687,0.854962,open
0.025146,1.010742,-0.120117,-3.297710,-0.549618,0.854962,open
0.020752,1.013672,-0.113770,-3.236641,-0.488550,0.732824,open
0.027100,1.006348,-0.113037,-3.297710,-0.610687,0.854962,open
0.024414,1.015869,-0.105713,-3.297710,-0.671756,0.732824,open
0.030029,1.008545,-0.121094,-3.297710,-0.610687,0.610687,open
0.022461,1.006104,-0.110107,-3.297710,-0.610687,0.610687,open
0.034424,1.008545,-0.115234,-3.297710,-0.549618,0.732824,open
0.026611,1.005615,-0.122559,-3.175573,-0.488550,0.977099,open
0.031250,1.008301,-0.116211,-3.358779,-0.793893,0.732824,open
0.022949,1.009766,-0.117188,-3.419847,-0.610687,0.854962,open
0.032959,1.013428,-0.120850,-3.419847,-0.671756,0.977099,open
0.029541,1.007812,-0.129395,-3.114504,-0.732824,0.671756,open
0.032471,1.013184,-0.114258,-3.114504,-0.732824,0.916031,open
0.027832,1.000977,-0.115967,-3.358779,-0.549618,0.854962,open
0.030762,1.006104,-0.115234,-3.236641,-0.732824,0.977099,open
0.031738,1.004639,-0.124268,-3.175573,-0.549618,0.854962,open
0.031494,1.008545,-0.111328,-3.297710,-0.610687,0.732824,open
0.031250,1.008301,-0.119141,-3.236641,-0.610687,0.916031,open
0.027588,1.008789,-0.117188,-3.114504,-0.671756,0.793893,open
0.029053,1.007324,-0.113525,-3.297710,-0.732824,0.916031,open
0.020752,1.003662,-0.120850,-3.236641,-0.732824,0.793893,open
0.030762,1.005371,-0.124268,-3.358779,-0.549618,0.793893,open
0.025391,1.006592,-0.111572,-3.236641,-0.732824,0.671756,open
0.024902,1.008545,-0.115234,-2.931298,-0.610687,0.793893,open
0.026367,1.009766,-0.114990,-3.297710,-0.549618,0.793893,open
0.029541,1.008057,-0.108643,-2.931298,-0.488550,0.854962,open
0.025146,1.002930,-0.127686,-3.236641,-0.671756,0.732824,open
0.027588,1.004150,-0.119873,-3.175573,-0.427481,0.916031,open
0.030518,1.010498,-0.114014,-3.236641,-0.610687,1.038168,open
0.029053,1.005615,-0.114014,-3.297710,-0.610687,0.610687,open
0.020752,1.006592,-0.118896,-3.358779,-0.610687,0.854962,open
0.031494,1.010498,-0.118164,-3.236641,-0.671756,0.793893,open
0.026855,1.006348,-0.125000,-3.297710,-0.671756,0.854962,open
0.027832,1.008545,-0.110107,-3.297710,-0.610687,0.977099,open
0.027100,1.010010,-0.117432,-3.236641,-0.671756,0.732824,open
0.026855,1.006836,-0.121338,-3.358779,-0.610687,0.793893,open
0.030762,1.012451,-0.118896,-3.297710,-0.610687,0.793893,open
0.029053,1.011475,-0.109131,-3.175573,-0.732824,0.916031,open
0.026367,1.006836,-0.115723,-3.297710,-0.610687,0.977099,open
0.030518,1.007324,-0.118896,-3.419847,-0.610687,0.916031,open
0.024658,1.010254,-0.121582,-3.297710,-0.732824,0.854962,open
0.030762,1.013916,-0.126221,-3.297710,-0.610687,0.916031,open
0.026855,1.005859,-0.123291,-3.419847,-0.610687,0.732824,open
0.029785,1.008789,-0.116943,-3.358779,-0.488550,0.732824,open
0.032227,1.004883,-0.118408,-3.297710,-0.610687,0.793893,open
0.027832,1.004883,-0.116699,-3.358779,-0.671756,0.793893,open
0.026855,1.012451,-0.110840,-3.297710,-0.549618,0.732824,open
0.025146,1.004150,-0.116211,-3.236641,-0.549618,0.732824,open
0.030029,1.007080,-0.122070,-3.297710,-0.610687,0.854962,open
0.022949,1.002686,-0.127686,-3.358779,-0.610687,0.671756,open
0.028809,1.008057,-0.116699,-3.297710,-0.610687,0.732824,open
0.030762,1.008301,-0.119873,-3.236641,-0.427481,0.671756,open
0.030518,1.003662,-0.115234,-3.297710,-0.549618,0.854962,open
0.026367,1.006348,-0.114990,-3.358779,-0.549618,0.793893,open
0.024902,1.011963,-0.118652,-3.114504,-0.488550,0.793893,open
0.030273,1.013672,-0.117188,-3.175573,-0.610687,0.793893,open
0.028320,1.008789,-0.125977,-3.297710,-0.671756,0.793893,open
0.026367,1.003662,-0.112305,-3.236641,-0.732824,0.854962,open
0.029053,1.009766,-0.119141,-3.175573,-0.671756,0.854962,open
0.028564,1.010498,-0.114014,-3.236641,-0.671756,0.854962,open
0.027344,1.007812,-0.114258,-3.358779,-0.671756,0.854962,open
0.030029,1.012695,-0.118164,-3.175573,-0.854962,0.854962,open
0.032471,1.008789,-0.117920,-3.419847,-0.610687,0.854962,open
0.032227,1.002197,-0.118896,-3.236641,-0.793893,0.671756,open
0.030762,1.009277,-0.117920,-3.664122,-0.610687,0.793893,open
0.033691,1.000244,-0.115723,-3.236641,-0.488550,0.732824,open
0.029297,1.013672,-0.117920,-3.419847,-0.671756,0.793893,open
0.028564,1.004883,-0.120361,-3.236641,-0.671756,0.732824,open
0.025879,1.011963,-0.123535,-3.236641,-0.732824,0.793893,open
0.032471,1.002686,-0.118164,-3.236641,-0.610687,0.732824,open
0.027588,1.007568,-0.114502,-3.297710,-0.732824,0.732824,open
0.030029,1.005859,-0.115479,-3.114504,-0.732824,0.854962,open
0.023682,1.009521,-0.111084,-3.236641,-0.793893,0.793893,open
0.021484,1.014404,-0.110352,-3.297710,-0.732824,0.854962,open
0.022461,1.008789,-0.117432,-3.175573,-0.854962,0.854962,open
0.025391,1.009766,-0.114014,-3.358779,-0.549618,0.854962,open
0.027344,1.011230,-0.113770,-3.297710,-0.732824,0.732824,open
0.031738,1.013184,-0.118652,-3.297710,-0.793893,0.793893,open
0.025391,1.004150,-0.107910,-3.236641,-0.732824,0.671756,open
0.026123,1.006836,-0.113037,-3.297710,-0.732824,0.671756,open
0.032471,1.005615,-0.120850,-3.297710,-0.610687,0.671756,open
0.029541,1.009033,-0.111328,-3.175573,-0.671756,0.671756,open
0.025635,1.004883,-0.110596,-3.236641,-0.549618,0.732824,open
0.032227,1.006836,-0.119629,-3.358779,-0.610687,0.854962,open
0.027344,1.006836,-0.115723,-3.236641,-0.671756,0.916031,open
0.031494,1.011719,-0.115479,-3.175573,-0.610687,0.732824,open
0.027588,1.013428,-0.115479,-3.236641,-0.427481,1.038168,open
0.031006,1.002930,-0.115723,-3.297710,-0.610687,0.732824,open
0.031494,1.008057,-0.106201,-3.297710,-0.549618,0.916031,open
0.031494,1.010986,-0.114014,-3.358779,-0.488550,0.732824,open
0.028076,1.006836,-0.123779,-3.175573,-0.671756,0.671756,open
0.035889,1.010254,-0.112305,-3.236641,-0.488550,0.977099,open
0.029785,1.008789,-0.114990,-3.297710,-0.366412,0.793893,open
0.025635,1.009521,-0.115234,-3.358779,-0.427481,0.671756,open
0.025146,1.010254,-0.110352,-3.236641,-0.671756,0.793893,open
0.031006,1.006836,-0.120361,-3.358779,-0.732824,0.916031,open
0.025879,1.002441,-0.115234,-3.175573,-0.610687,0.793893,open
0.031738,1.011230,-0.118652,-3.236641,-0.549618,0.793893,open
0.023926,1.015137,-0.120361,-3.175573,-0.610687,0.793893,open
0.030518,1.008545,-0.117432,-3.236641,-0.671756,0.732824,open
0.030518,1.007812,-0.118164,-3.297710,-0.671756,0.671756,open
0.026123,1.000732,-0.119385,-3.297710,-0.610687,0.793893,open
0.026855,1.007080,-0.118896,-3.175573,-0.732824,0.732824,open
0.026367,1.012695,-0.123291,-3.236641,-0.549618,0.793893,open
0.030029,1.010010,-0.112793,-3.236641,-0.610687,0.916031,open
0.024658,1.010010,-0.114258,-3.236641,-0.732824,0.854962,open
0.029541,1.009033,-0.113770,-3.297710,-0.549618,0.732824,open
0.026367,1.013916,-0.120850,-3.358779,-0.610687,0.671756,open
0.031250,1.011719,-0.117920,-3.358779,-0.671756,0.793893,open
0.023193,1.013428,-0.106201,-3.236641,-0.427481,0.732824,open
0.023926,1.009766,-0.112793,-3.297710,-0.671756,0.793893,open
0.024170,1.010010,-0.113037,-3.236641,-0.732824,0.793893,open
0.035400,1.010986,-0.112061,-3.236641,-0.732824,0.793893,open
0.030029,1.009277,-0.123535,-3.236641,-0.671756,0.916031,open
0.029297,1.004150,-0.114990,-3.419847,-0.671756,0.732824,open
0.030518,1.006104,-0.114258,-3.236641,-0.732824,0.793893,open
0.026123,1.009277,-0.115479,-3.297710,-0.671756,0.793893,open
0.027344,1.008301,-0.117676,-3.236641,-0.732824,0.732824,open
0.026855,1.005371,-0.119385,-3.358779,-0.549618,0.732824,open
0.029541,1.008789,-0.114502,-3.297710,-0.671756,0.854962,open
0.030029,1.008545,-0.122070,-3.236641,-0.549618,0.854962,open
0.023682,1.006348,-0.114258,-3.358779,-0.610687,0.793893,open
0.033447,1.005859,-0.114746,-3.236641,-0.793893,0.793893,open
0.026855,1.004883,-0.116699,-3.358779,-0.549618,0.793893,open
0.020020,1.011719,-0.113037,-3.236641,-0.732824,0.793893,open
0.022705,1.009766,-0.124512,-3.297710,-0.732824,0.793893,open
0.032227,1.006348,-0.124512,-3.175573,-0.610687,0.854962,open
0.027344,1.009277,-0.113281,-3.236641,-0.427481,0.916031,open
0.022461,1.007812,-0.124268,-3.358779,-0.671756,0.854962,open
0.031494,1.008545,-0.116699,-3.297710,-0.610687,0.854962,open
0.028076,1.006348,-0.123291,-3.114504,-0.610687,0.793893,open
0.024414,1.009521,-0.120117,-3.236641,-0.671756,0.671756,open
0.029297,1.001465,-0.113525,-3.358779,-0.488550,0.793893,open
0.027588,1.006592,-0.115234,-3.236641,-0.671756,0.671756,open
0.024658,1.013184,-0.106689,-3.236641,-0.732824,0.916031,open
0.030762,1.012695,-0.117432,-3.358779,-0.610687,0.732824,open
0.018555,1.009766,-0.113037,-3.236641,-0.732824,0.793893,open
0.024902,1.009277,-0.106201,-3.114504,-0.671756,0.793893,open
0.032471,1.004883,-0.121826,-3.419847,-0.732824,0.854962,open
0.026611,1.010010,-0.119873,-3.175573,-0.610687,0.732824,open
0.029053,1.013184,-0.114502,-3.297710,-0.732824,0.610687,open
0.024658,1.007812,-0.119873,-3.175573,-0.610687,0.793893,open
0.023438,1.015137,-0.113037,-3.358779,-0.671756,0.732824,open
0.022461,1.007812,-0.114990,-3.236641,-0.793893,0.793893,open
0.026855,1.009521,-0.120850,-3.114504,-0.610687,0.671756,open
0.024170,1.014893,-0.118408,-3.236641,-0.610687,0.732824,open
0.025635,1.005615,-0.117188,-3.358779,-0.610687,0.854962,open
0.032715,1.003662,-0.119873,-3.358779,-0.549618,0.916031,open
0.026855,1.005127,-0.114746,-3.236641,-0.732824,0.916031,open
0.027588,1.010742,-0.114502,-3.236641,-0.549618,0.671756,open
0.026123,1.008545,-0.115479,-3.297710,-0.549618,0.732824,open
0.020996,1.010498,-0.121338,-3.175573,-0.671756,0.793893,open
0.022217,1.009521,-0.112793,-3.175573,-0.610687,0.854962,open
0.026123,1.006592,-0.114746,-3.297710,-0.610687,0.732824,open
0.027344,1.009033,-0.112549,-3.297710,-0.488550,0.854962,open
0.028564,1.014893,-0.113770,-3.358779,-0.732824,0.793893,open
0.021973,1.010010,-0.115479,-3.358779,-0.549618,0.916031,open
0.027100,1.006348,-0.115723,-3.297710,-0.610687,0.977099,open
0.026367,1.010010,-0.118896,-3.175573,-0.671756,0.671756,open
0.025391,1.010010,-0.120117,-3.114504,-0.671756,0.854962,open
0.019775,1.005615,-0.113281,-3.297710,-0.610687,0.732824,open
0.029785,1.006104,-0.112061,-3.236641,-0.610687,0.732824,open
0.023926,1.006836,-0.122314,-3.236641,-0.671756,0.671756,open
0.030518,1.009277,-0.117188,-3.358779,-0.671756,0.854962,open
0.031738,1.011719,-0.117188,-3.236641,-0.549618,0.854962,open
0.033203,1.012695,-0.119385,-3.236641,-0.671756,0.854962,open
0.023682,1.011230,-0.117676,-3.297710,-0.549618,0.793893,open
0.020752,1.006592,-0.119385,-3.297710,-0.732824,0.732824,open
0.029541,1.007324,-0.119385,-3.175573,-0.732824,0.671756,open
0.029297,1.011719,-0.111084,-3.358779,-0.610687,0.732824,open
0.025635,1.000244,-0.111084,-3.358779,-0.671756,0.793893,open
0.018799,1.009033,-0.119385,-3.297710,-0.671756,0.793893,open
0.021240,1.014893,-0.124023,-3.236641,-0.488550,0.793893,open
0.029541,1.002930,-0.125000,-3.114504,-0.732824,0.793893,open
0.025635,1.006348,-0.116455,-3.236641,-0.488550,0.793893,open
0.025391,1.010986,-0.115723,-3.236641,-0.549618,0.916031,open
0.028320,1.010498,-0.113770,-3.236641,-0.793893,0.854962,open
0.024414,1.010254,-0.120605,-3.236641,-0.488550,0.793893,open
0.024170,1.009521,-0.115234,-3.358779,-0.549618,0.671756,open
0.029785,1.013916,-0.111084,-3.358779,-0.549618,0.793893,open
0.028320,1.007080,-0.120361,-3.175573,-0.488550,0.671756,open
0.029297,1.010986,-0.115723,-3.175573,-0.671756,0.854962,open
0.028564,1.004639,-0.124023,-3.297710,-0.610687,0.854962,open
0.028076,1.011475,-0.119873,-3.236641,-0.610687,0.793893,open
0.029541,1.006348,-0.109863,-3.236641,-0.549618,0.854962,open
0.027344,1.008545,-0.119629,-3.236641,-0.610687,0.671756,open
0.025146,1.004395,-0.126953,-3.358779,-0.610687,0.732824,open
0.025146,1.011475,-0.116699,-3.236641,-0.610687,0.671756,open
0.026855,1.005371,-0.114990,-3.297710,-0.732824,0.793893,open
0.031982,1.008057,-0.115234,-3.236641,-0.671756,0.793893,open
0.029053,1.011719,-0.118896,-3.114504,-0.732824,0.793893,open
0.026123,1.007324,-0.120605,-3.297710,-0.671756,0.671756,open
0.023682,1.008545,-0.116943,-3.358779,-0.610687,0.793893,open
0.025635,1.008545,-0.117188,-3.236641,-0.732824,0.793893,open
0.027588,1.011963,-0.112061,-3.114504,-0.671756,0.793893,open
0.030029,1.005859,-0.123047,-3.175573,-0.610687,0.671756,open
0.024658,1.010254,-0.117188,-3.297710,-0.671756,0.732824,open
0.018555,1.006836,-0.117432,-3.236641,-0.671756,0.793893,open
0.029785,1.011719,-0.122314,-3.297710,-0.549618,0.793893,open
0.030518,1.006104,-0.119141,-3.236641,-0.549618,0.854962,open
0.029785,1.004395,-0.125977,-3.175573,-0.671756,0.732824,open
0.028076,1.009521,-0.122803,-3.236641,-0.671756,0.732824,open
0.026123,1.009277,-0.117920,-3.419847,-0.610687,0.793893,open
0.029785,1.006592,-0.122803,-3.358779,-0.549618,0.671756,open
0.028076,1.006348,-0.110352,-3.236641,-0.610687,0.732824,open
0.027832,1.004395,-0.123047,-3.236641,-0.610687,0.793893,open
0.028076,1.006348,-0.112305,-3.175573,-0.732824,0.793893,open
0.027832,1.010986,-0.105957,-3.297710,-0.732824,0.793893,open
0.030029,1.012207,-0.114746,-3.236641,-0.427481,0.793893,open
0.028076,1.008789,-0.106689,-3.419847,-0.549618,0.854962,open
0.023193,1.008057,-0.119873,-3.358779,-0.671756,0.793893,open
0.023926,1.015625,-0.109375,-3.114504,-0.671756,0.732824,open
0.021484,1.009033,-0.117188,-3.297710,-0.610687,0.671756,open
0.024658,1.008057,-0.119385,-3.297710,-0.610687,0.732824,open
0.027588,1.007812,-0.116211,-3.175573,-0.488550,0.916031,open
0.021973,1.007324,-0.113037,-3.480916,-0.732824,0.916031,open
0.032959,1.010742,-0.110840,-3.114504,-0.732824,0.793893,open
0.031982,1.006592,-0.113037,-3.297710,-0.732824,0.732824,open
0.029053,1.011719,-0.125732,-3.236641,-0.671756,0.671756,open
0.025146,1.005615,-0.116211,-3.297710,-0.610687,0.732824,open
0.025879,1.014893,-0.113037,-3.236641,-0.671756,0.671756,open
0.026367,1.011475,-0.122314,-3.236641,-0.549618,0.793893,open
0.023926,1.001953,-0.130371,-3.297710,-0.549618,0.793893,open
0.027832,1.010498,-0.112305,-3.297710,-0.732824,0.671756,open
0.028320,1.009033,-0.118652,-3.175573,-0.671756,0.732824,open
0.028564,1.008057,-0.112549,-3.175573,-0.732824,0.854962,open
0.023926,1.009766,-0.116943,-3.297710,-0.671756,0.916031,open
0.026123,1.006836,-0.120850,-3.236641,-0.671756,0.793893,open
0.024170,1.009033,-0.115479,-3.297710,-0.671756,0.671756,open
0.021484,1.006836,-0.117676,-3.236641,-0.610687,0.854962,open
0.028320,1.009766,-0.113281,-3.175573,-0.488550,0.732824,open
0.029541,1.008789,-0.114502,-3.358779,-0.671756,0.793893,open
0.032227,1.016113,-0.118652,-3.358779,-0.427481,0.916031,open
0.026123,1.010254,-0.116211,-3.358779,-0.671756,0.854962,open
0.025391,1.010010,-0.111328,-3.053435,-0.610687,0.793893,open
0.031982,1.002686,-0.121338,-3.236641,-0.610687,0.854962,open
0.022949,1.007080,-0.110352,-3.175573,-0.732824,0.854962,open
0.028320,1.009277,-0.112305,-3.236641,-0.610687,0.793893,open
0.026611,1.010498,-0.113525,-3.114504,-0.488550,0.854962,open
0.031494,1.004150,-0.119385,-3.419847,-0.610687,0.610687,open
0.033203,1.001953,-0.121582,-3.236641,-0.610687,0.854962,open
0.025146,1.009277,-0.113281,-3.358779,-0.793893,0.671756,open
0.027344,1.011475,-0.118408,-3.419847,-0.549618,0.671756,open
0.030518,1.005615,-0.119141,-3.419847,-0.610687,0.732824,open
0.023926,1.011230,-0.117920,-3.297710,-0.732824,0.732824,open
0.023926,1.008545,-0.118164,-3.297710,-0.488550,0.732824,open
0.026611,1.009277,-0.116455,-3.297710,-0.793893,0.854962,open
0.029785,1.007568,-0.120361,-3.297710,-0.488550,0.916031,open
0.024414,1.004395,-0.121826,-3.236641,-0.610687,0.793893,open
0.030762,1.014648,-0.115479,-3.236641,-0.732824,0.916031,open
0.031006,1.009277,-0.117432,-3.297710,-0.610687,0.854962,open
0.026123,1.011230,-0.124512,-3.236641,-0.610687,0.793893,open
0.022949,1.007080,-0.117676,-3.419847,-0.610687,1.038168,open
0.024414,1.006348,-0.117432,-3.236641,-0.610687,0.732824,open
0.025879,1.006836,-0.111084,-3.297710,-0.610687,0.732824,open
0.022461,1.003662,-0.106934,-3.358779,-0.610687,0.732824,open
0.025146,1.014160,-0.123291,-3.297710,-0.732824,0.732824,open
0.029297,1.013672,-0.114258,-3.114504,-0.671756,0.671756,open
0.031006,1.007324,-0.123047,-3.297710,-0.732824,0.732824,open
0.028320,1.015381,-0.113037,-3.175573,-0.549618,0.916031,open
0.031982,1.011230,-0.119385,-3.297710,-0.549618,0.671756,open
0.032471,1.013428,-0.121582,-3.419847,-0.427481,0.732824,open
0.031982,1.003418,-0.120117,-3.175573,-0.671756,0.916031,open
0.026611,1.012939,-0.111328,-3.358779,-0.427481,0.854962,open
0.027832,1.007812,-0.120117,-3.297710,-0.610687,0.610687,open
0.029297,1.014404,-0.113037,-3.114504,-0.488550,0.793893,open
0.025391,1.008545,-0.116699,-3.175573,-0.671756,0.793893,open
0.032471,1.003906,-0.115723,-3.236641,-0.488550,0.854962,open
0.030762,1.010742,-0.121582,-3.236641,-0.732824,0.671756,open
0.028564,1.009766,-0.119873,-3.175573,-0.549618,0.793893,open
0.028076,1.004150,-0.119385,-3.297710,-0.549618,0.793893,open
0.031250,1.003906,-0.113037,-3.419847,-0.671756,0.732824,open
0.020752,1.003906,-0.121338,-3.236641,-0.793893,0.916031,open
0.024658,1.015625,-0.118164,-3.175573,-0.732824,0.793893,open
0.027588,1.006836,-0.119873,-3.236641,-0.732824,0.732824,open
0.027588,1.010010,-0.118896,-3.358779,-0.610687,0.916031,open
0.023926,1.007080,-0.112793,-3.297710,-0.610687,0.732824,open
0.027832,1.012207,-0.120605,-3.297710,-0.671756,0.671756,open
0.026123,1.000000,-0.112549,-3.358779,-0.732824,0.732824,open
0.025635,1.001953,-0.113037,-3.297710,-0.732824,0.854962,open
0.020508,1.009277,-0.129395,-3.175573,-0.549618,0.671756,open
0.034912,1.005615,-0.106445,-3.175573,-0.671756,0.854962,open
0.024658,1.007568,-0.113525,-3.297710,-0.549618,0.854962,open
0.025879,1.008545,-0.111572,-3.297710,-0.671756,0.610687,open
0.031494,1.008301,-0.121338,-3.297710,-0.732824,0.793893,open
0.023926,1.005615,-0.120361,-3.236641,-0.366412,0.854962,open
0.028320,1.007080,-0.114258,-3.297710,-0.610687,0.977099,open
0.022217,1.002686,-0.115967,-3.236641,-0.610687,0.671756,open
0.030762,1.009521,-0.113770,-3.053435,-0.610687,0.916031,open
0.025146,1.010986,-0.114258,-3.297710,-0.671756,0.916031,open
0.022705,1.011963,-0.119629,-3.236641,-0.610687,0.732824,open
0.029541,1.002686,-0.114990,-3.480916,-0.732824,0.671756,open
0.023926,1.011719,-0.118652,-3.175573,-0.549618,0.793893,open
0.030762,1.006104,-0.118652,-3.358779,-0.732824,0.793893,open
0.029053,1.002686,-0.115234,-3.297710,-0.610687,0.793893,open
0.026611,1.009521,-0.108643,-3.297710,-0.793893,0.732824,open
0.030762,1.008057,-0.119385,-3.175573,-0.732824,0.793893,open
0.023438,1.013672,-0.116211,-3.297710,-0.549618,0.793893,open
0.022217,1.016113,-0.110352,-3.175573,-0.671756,0.793893,open
0.025879,1.007812,-0.116943,-3.175573,-0.671756,0.854962,open
0.027344,1.006348,-0.115234,-3.175573,-0.549618,0.732824,open
0.026611,1.009521,-0.123535,-3.236641,-0.732824,0.793893,open
0.026367,1.005615,-0.112793,-3.175573,-0.671756,0.793893,open
0.027344,1.007568,-0.117188,-3.297710,-0.732824,0.671756,open
0.022461,1.010498,-0.118408,-3.175573,-0.610687,0.732824,open
0.025635,1.005127,-0.117676,-3.236641,-0.610687,0.977099,open
0.028809,1.013184,-0.118408,-3.358779,-0.671756,0.793893,open
0.026123,1.008057,-0.122070,-3.297710,-0.488550,0.854962,open
0.027344,1.012451,-0.116211,-3.236641,-0.671756,0.732824,open
0.025879,1.015625,-0.119141,-3.358779,-0.732824,0.854962,open
0.028564,1.008057,-0.114258,-3.297710,-0.610687,0.732824,open
0.029785,1.008789,-0.126221,-3.358779,-0.549618,0.793893,open
0.029541,1.008057,-0.118896,-3.297710,-0.549618,0.793893,open
0.028564,1.009766,-0.118408,-3.297710,-0.671756,0.793893,open
0.024658,1.013916,-0.117676,-3.175573,-0.671756,0.732824,open
0.023682,1.008789,-0.114014,-3.358779,-0.610687,0.854962,open
0.023193,1.010742,-0.120117,-3.175573,-0.488550,0.854962,open
0.022949,1.008789,-0.123535,-3.236641,-0.549618,0.854962,open
0.021729,1.007812,-0.117676,-3.358779,-0.610687,0.732824,open
0.022949,1.008789,-0.113281,-3.236641,-0.549618,0.732824,open