ax, ay, az, gx, gy, gz, state
0.020264, 1.003418, -0.109863, -3.297710, -0.671756, 0.793893, opening
0.020020, 1.010986, -0.122803, -3.114504, -0.732824, 0.854962, opening
0.024658, 1.006836, -0.119629, -3.297710, -0.549618, 0.732824, opening
0.017090, 1.012451, -0.120605, -3.175573, -0.610687, 0.732824, opening
0.020996, 1.010010, -0.119629, -3.114504, -0.610687, 0.671756, opening
0.010986, 1.007080, -0.123535, -3.480916, -0.610687, 0.854962, opening
0.028076, 1.007080, -0.118164, -3.114504, -0.549618, 0.854962, opening
0.016113, 1.006836, -0.116455, -3.053435, -0.488550, 0.793893, opening
0.015381, 1.011719, -0.115967, -3.419847, -0.732824, 0.916031, opening
0.017578, 1.009033, -0.123535, -3.175573, -0.732824, 0.732824, opening
0.020264, 1.004150, -0.112793, -3.114504, -0.610687, 0.732824, opening
0.021484, 1.013184, -0.125732, -3.358779, -0.854962, 0.854962, opening
0.017334, 1.006836, -0.127686, -3.114504, -0.610687, 0.793893, opening
0.021484, 1.003418, -0.113770, -3.297710, -0.549618, 0.854962, opening
0.017822, 1.012207, -0.124023, -3.358779, -0.671756, 0.854962, opening
0.019531, 1.009277, -0.113037, -3.297710, -0.671756, 0.732824, opening
0.020752, 1.008789, -0.117676, -3.236641, -0.671756, 0.671756, opening
0.019531, 1.003174, -0.123535, -3.114504, -0.488550, 0.732824, opening
0.017090, 1.007080, -0.128662, -3.175573, -0.671756, 0.793893, opening
0.019531, 1.009033, -0.117920, -3.297710, -0.549618, 0.732824, opening
0.018799, 1.008789, -0.126709, -3.297710, -0.549618, 0.854962, opening
0.020508, 1.003418, -0.126709, -3.053435, -0.671756, 0.671756, opening
0.015869, 1.010498, -0.127930, -3.297710, -0.549618, 0.671756, opening
0.013672, 1.004150, -0.124756, -3.358779, -0.610687, 0.793893, opening
0.024170, 1.012451, -0.115967, -3.236641, -0.488550, 0.793893, opening
0.018799, 1.009033, -0.119385, -3.297710, -0.549618, 0.793893, opening
0.020264, 1.010742, -0.114990, -3.114504, -0.549618, 0.854962, opening
0.024414, 1.001953, -0.128662, -3.236641, -0.610687, 0.854962, opening
0.021240, 0.994141, -0.127197, -3.725191, -0.305344, 0.793893, opening
0.023926, 0.999512, -0.139648, -3.664122, -0.610687, 0.793893, opening
0.016602, 1.004883, -0.114990, -3.297710, -0.671756, 0.854962, opening
-0.036133, 0.954346, -0.060791, -3.297710, 0.793893, 0.854962, opening
0.087891, 1.012451, -0.177979, -0.305344, -1.893130, 1.099237, opening
0.010986, 1.008301, -0.039307, -2.809160, 0.488550, 0.732824, opening
0.023926, 0.912598, -0.068848, -7.083970, 4.152672, 0.122137, opening
-0.111572, 0.967041, 0.002930, -4.946565, -1.893130, 0.732824, opening
-0.006104, 0.953369, 0.179688, -7.877862, 4.458015, 0.244275, opening
-0.079590, 1.050781, 0.063232, -1.893130, 0.427481, 1.221374, opening
0.114258, 0.989502, -0.012207, -3.480916, 3.541985, 0.610687, opening
-0.004395, 0.989258, 0.074707, -3.236641, 4.824428, 0.916031, opening
-0.013428, 1.052002, 0.170410, -2.198473, 6.778626, 0.610687, opening
0.005859, 0.853027, 0.117920, 0.549618, 8.000000, 0.671756, opening
0.007324, 1.036621, 0.020020, -2.442748, 10.076336, 0.671756, opening
0.027344, 1.044922, 0.026123, -3.419847, 12.213740, 0.671756, opening
0.009033, 1.013428, 0.017578, -2.687023, 13.190840, 0.671756, opening
-0.001221, 1.015869, 0.062988, -2.687023, 14.290076, 0.793893, opening
0.031006, 0.980713, 0.207031, -1.038168, 14.961832, 0.854962, opening
0.035889, 0.995361, -0.081543, -5.862596, 16.610687, 0.610687, opening
0.026367, 1.003906, -0.034912, -3.541985, 16.366413, 0.793893, opening
0.014160, 1.024170, 0.000000, -2.381679, 17.038168, 0.610687, opening
0.037598, 0.995850, -0.071289, -4.458015, 18.320610, 0.549618, opening
0.012451, 1.002930, -0.033203, -3.053435, 18.259542, 0.793893, opening
0.032227, 1.004883, -0.092529, -3.297710, 19.419847, 0.793893, opening
0.014893, 0.992432, -0.036621, -2.687023, 19.358778, 0.671756, opening
0.027588, 1.011230, -0.096191, -2.625954, 19.236641, 0.793893, opening
0.027100, 1.014893, -0.101074, -3.236641, 19.725191, 0.610687, opening
0.029297, 1.006348, -0.101318, -3.603053, 20.152672, 0.610687, opening
0.026855, 1.015625, -0.031982, -2.320611, 20.335878, 0.793893, opening
0.032959, 1.007812, -0.018799, -2.748092, 21.435114, 0.854962, opening
0.028564, 1.007568, -0.005127, -2.870229, 22.473282, 0.732824, opening
0.022461, 1.010498, 0.062744, -2.320611, 23.755726, 0.610687, opening
0.033447, 1.008057, 0.023926, -2.870229, 25.221375, 0.427481, opening
0.026123, 1.007324, 0.053223, -3.175573, 26.809160, 0.610687, opening
0.030273, 1.014648, 0.077393, -2.809160, 27.969465, 0.610687, opening
0.030762, 1.000244, 0.043701, -3.236641, 29.007633, 0.549618, opening
0.034912, 1.001709, 0.015625, -3.236641, 30.473282, 0.549618, opening
0.010498, 1.018799, 0.011230, -2.870229, 31.572519, 0.671756, opening
0.028564, 0.997803, -0.021240, -3.297710, 32.732826, 0.549618, opening
0.031982, 0.946777, 0.147461, -3.297710, 35.541985, 0.366412, opening
0.048828, 1.035889, -0.091064, -4.335878, 35.236641, 0.488550, opening
0.051758, 1.003174, 0.048340, -2.137405, 35.175571, 0.549618, opening
0.049072, 0.991699, 0.086914, -2.687023, 37.007633, 0.488550, opening
0.150635, 1.006348, 0.026367, -3.541985, 39.022900, 0.366412, opening
0.029297, 0.965088, 0.116211, -0.183206, 39.877861, 1.343511, opening
-0.051758, 1.032959, 0.004150, -0.732824, 38.778625, 0.183206, opening
0.080566, 0.991943, -0.029297, -6.534351, 40.244274, 0.488550, opening
0.059082, 1.003906, 0.013184, -1.770992, 42.137405, 0.427481, opening
0.034180, 1.018066, -0.058350, -1.770992, 41.893131, 0.488550, opening
0.078369, 1.018311, -0.043701, -2.381679, 44.335876, 0.183206, opening
0.107666, 0.997314, -0.087158, -3.175573, 44.152672, 0.244275, opening
0.085449, 1.006104, -0.066162, -4.274809, 45.007633, 0.549618, opening
0.083008, 1.013428, -0.039795, -3.603053, 45.435116, 0.366412, opening
0.081299, 0.994385, -0.071289, -4.519084, 45.740459, 0.549618, opening
0.082764, 1.030273, -0.058838, -4.885496, 46.106869, 0.427481, opening
0.086426, 1.040039, -0.081299, -4.274809, 46.961834, 0.671756, opening
0.077637, 1.007568, -0.084229, -4.091603, 47.267178, 0.366412, opening
0.091553, 0.998779, -0.057617, -3.603053, 47.877861, 0.610687, opening
0.087646, 0.966309, -0.068604, -3.908397, 48.305344, 0.671756, opening
0.087158, 0.993896, -0.060791, -3.969466, 48.793892, 0.183206, opening
0.116211, 0.968262, -0.088379, -3.419847, 49.465649, 0.305344, opening
0.083252, 1.010986, -0.066406, -3.175573, 49.526718, 0.549618, opening
0.084961, 1.019775, -0.068848, -3.969466, 49.954197, 0.427481, opening
0.088379, 1.009277, -0.060303, -3.541985, 50.259541, 0.427481, opening
0.087402, 1.010010, -0.061768, -3.969466, 50.992367, 0.549618, opening
0.088379, 1.011230, -0.055908, -4.152672, 51.847328, 0.427481, opening
0.090332, 1.006104, -0.047852, -4.030534, 52.335876, 0.488550, opening
0.094482, 1.008545, -0.043213, -3.786260, 52.824429, 0.610687, opening
0.097656, 1.009766, -0.035889, -3.664122, 53.618320, 0.488550, opening
0.089111, 1.005859, -0.054443, -3.480916, 54.351147, 0.549618, opening
0.095703, 1.009033, -0.033203, -2.931298, 55.145039, 0.244275, opening
0.110107, 0.952881, -0.034424, -2.381679, 55.694656, -0.122137, opening
0.090820, 1.047119, -0.009277, -4.946565, 56.671757, 0.549618, opening
0.109619, 1.021240, -0.077637, -6.229008, 56.427483, 0.488550, opening
0.076172, 1.040527, -0.077393, -1.648855, 57.038170, 0.488550, opening
0.103760, 1.023682, -0.087891, 0.244275, 57.648853, 0.427481, opening
0.101318, 0.981201, -0.091309, -0.977099, 58.198475, 0.305344, opening
0.128906, 1.037354, -0.131348, -2.870229, 58.442749, 0.000000, opening
0.044678, 1.078369, -0.093506, -4.091603, 57.648853, 0.793893, opening
0.126709, 0.994873, -0.115479, -3.664122, 60.152672, 1.038168, opening
0.132812, 0.995850, -0.104736, -3.053435, 58.381680, 0.488550, opening
0.134521, 1.008057, -0.095215, -4.885496, 59.053436, 0.122137, opening
0.106689, 1.006836, -0.087891, -4.641222, 59.114506, 0.305344, opening
0.120850, 1.005615, -0.093750, -3.114504, 59.480915, 0.305344, opening
0.110352, 1.007324, -0.104492, -2.564886, 59.664124, 0.183206, opening
0.110352, 1.015137, -0.128174, -2.687023, 59.603054, 0.244275, opening
0.121094, 1.009766, -0.138184, -3.603053, 59.725189, 0.244275, opening
0.121826, 1.018555, -0.141846, -3.480916, 59.236641, 0.366412, opening
0.109863, 1.032227, -0.179443, -3.786260, 58.809162, 0.183206, opening
0.107178, 1.016113, -0.141357, -2.503817, 58.809162, 0.427481, opening
0.124756, 1.009033, -0.167236, -4.274809, 58.320610, 0.366412, opening
0.106689, 1.006104, -0.137451, -3.664122, 58.137405, 0.305344, opening
0.114502, 1.010742, -0.149658, -3.541985, 57.648853, 0.366412, opening
0.114258, 1.005127, -0.159180, -3.603053, 57.465649, 0.427481, opening
0.106934, 1.016846, -0.134766, -3.480916, 57.221375, 0.366412, opening
0.107910, 0.999756, -0.148193, -2.625954, 56.916031, 0.610687, opening
0.120361, 0.998779, -0.144531, -3.664122, 56.427483, 0.244275, opening
0.100098, 1.016846, -0.143066, -3.847328, 56.244274, 0.366412, opening
0.110596, 1.013428, -0.164307, -3.664122, 55.816795, 0.366412, opening
0.099121, 1.008301, -0.122803, -3.114504, 55.267178, 0.366412, opening
0.104492, 1.017334, -0.175537, -3.603053, 55.328243, 0.366412, opening
0.105225, 1.011230, -0.152832, -3.786260, 55.083969, 0.671756, opening
0.103027, 1.012451, -0.132324, -3.053435, 54.595421, 0.366412, opening
0.101807, 1.011230, -0.168945, -3.175573, 54.167938, 0.305344, opening
0.088623, 1.012451, -0.150146, -3.175573, 54.106869, 0.488550, opening
0.103516, 1.000732, -0.141113, -2.931298, 53.801525, 0.427481, opening
0.106445, 1.013916, -0.128906, -3.175573, 53.435116, 0.610687, opening
0.093994, 0.995605, -0.153564, -3.358779, 53.190842, 0.549618, opening
0.101807, 0.991943, -0.138184, -3.297710, 53.007633, 0.549618, opening
0.100586, 1.017334, -0.142822, -2.809160, 52.763359, 0.244275, opening
0.100342, 1.003662, -0.148193, -2.931298, 52.335876, 0.427481, opening
0.084961, 1.006348, -0.131104, -2.809160, 51.969467, 0.549618, opening
0.085205, 1.012695, -0.128906, -2.931298, 52.213741, 0.488550, opening
0.106445, 1.005127, -0.154297, -2.992366, 51.725189, 0.671756, opening
0.102051, 1.004395, -0.143311, -3.114504, 51.603054, 0.366412, opening
0.093262, 1.012207, -0.139893, -3.175573, 51.236641, 0.305344, opening
0.097900, 1.005615, -0.142822, -3.847328, 50.992367, 0.488550, opening
0.097656, 1.011719, -0.146240, -3.236641, 50.748093, 0.366412, opening
0.100342, 1.006592, -0.135742, -4.213740, 50.992367, 0.366412, opening
0.087158, 1.006836, -0.141846, -4.274809, 50.137405, 0.427481, opening
0.090088, 0.995117, -0.133057, -4.763359, 50.015266, 0.427481, opening
0.096436, 1.009766, -0.128418, -5.618320, 49.526718, 0.305344, opening
0.095947, 1.014893, -0.147217, -5.557252, 49.404579, 0.488550, opening
0.087158, 1.008301, -0.126709, -4.213740, 49.282444, 0.610687, opening
0.090820, 1.008545, -0.139160, -3.603053, 49.038170, 0.366412, opening
0.087158, 1.002197, -0.126221, -2.748092, 48.793892, 0.549618, opening
0.090820, 1.010010, -0.142334, -2.564886, 48.732826, 0.427481, opening
0.079346, 1.002930, -0.132812, -2.381679, 48.671757, 0.488550, opening
0.089111, 1.019775, -0.138428, -2.625954, 48.305344, 0.488550, opening
0.078125, 1.000732, -0.146240, -2.625954, 48.000000, 0.427481, opening
0.090332, 1.018555, -0.143555, -3.236641, 47.572517, 0.488550, opening
0.081055, 1.003418, -0.135986, -3.297710, 47.694656, 0.488550, opening
0.086670, 1.008301, -0.145752, -3.297710, 47.450382, 0.488550, opening
0.086426, 1.010010, -0.143555, -3.236641, 47.206108, 0.549618, opening
0.090576, 1.009766, -0.128418, -2.992366, 47.022900, 0.427481, opening
0.169434, 0.937500, -0.197266, -1.954198, 46.229008, -1.099237, opening
0.091553, 0.991455, -0.164795, 1.160305, 46.839695, 0.305344, opening
0.078613, 0.993164, -0.095703, -2.503817, 45.984734, 0.549618, opening
0.081299, 0.999268, -0.137939, -1.770992, 46.290077, 0.610687, opening
0.081299, 1.019043, -0.143555, -2.137405, 46.045803, 0.488550, opening
0.076416, 1.005127, -0.143311, -2.625954, 45.557251, 0.549618, opening
0.075928, 1.012695, -0.153320, -3.419847, 45.251907, 0.427481, opening
0.080322, 1.003662, -0.141357, -3.603053, 45.068703, 0.366412, opening
0.082031, 1.017822, -0.146484, -4.152672, 44.885498, 0.366412, opening
0.076172, 1.003906, -0.147217, -3.664122, 44.396946, 0.488550, opening
0.076904, 1.006348, -0.139404, -2.870229, 44.335876, 0.366412, opening
0.074707, 1.004395, -0.141113, -3.114504, 44.030533, 0.488550, opening
0.091797, 1.022705, -0.270752, -4.641222, 43.541985, 0.549618, opening
0.082520, 1.015137, -0.199707, -4.519084, 42.931297, 0.488550, opening
0.079102, 1.003174, -0.218262, -4.641222, 42.259541, 0.366412, opening
0.057129, 1.004639, -0.244873, -2.748092, 41.038170, 0.549618, opening
0.080322, 0.992432, -0.232178, -4.274809, 39.328243, 0.610687, opening
0.073730, 1.012939, -0.347900, -5.129771, 37.801525, 0.366412, opening
0.072021, 1.005615, -0.371826, -3.297710, 35.480915, 0.549618, opening
0.062012, 1.018311, -0.365479, -3.480916, 33.282444, 0.549618, opening
0.064453, 1.020264, -0.366455, -2.442748, 31.694656, 0.549618, opening
0.063232, 1.005615, -0.333740, -0.916031, 29.618320, 0.610687, opening
0.084717, 0.974854, -0.380859, -3.847328, 27.358778, 0.671756, opening
0.051758, 1.029297, -0.362305, -4.946565, 24.549618, 0.549618, opening
0.031250, 1.021240, -0.324951, -2.503817, 22.656488, 0.671756, opening
0.049805, 1.009033, -0.314697, -2.992366, 21.435114, 0.549618, opening
0.037354, 1.026611, -0.270508, -3.603053, 19.725191, 0.671756, opening
0.039795, 1.005371, -0.258301, -2.748092, 18.687023, 0.549618, opening
0.042480, 0.996338, -0.232910, -2.625954, 17.343512, 0.732824, opening
0.040527, 1.021240, -0.221924, -2.992366, 15.877863, 0.671756, opening
0.033936, 1.017578, -0.223145, -2.381679, 15.267176, 0.732824, opening
0.028564, 1.015625, -0.209717, -3.297710, 14.229008, 0.671756, opening
0.035400, 1.006104, -0.212646, -2.748092, 13.557252, 0.854962, opening
0.036377, 0.985107, -0.217773, -3.175573, 12.458015, 0.977099, opening
0.029053, 1.008789, -0.208008, -3.053435, 11.786260, 0.732824, opening
0.028564, 1.021484, -0.176514, -2.564886, 10.992367, 0.793893, opening
0.040039, 1.004395, -0.198730, -2.564886, 10.625955, 0.732824, opening
0.039062, 1.003662, -0.185303, -2.687023, 9.709924, 0.610687, opening
0.013672, 1.008057, -0.148682, -2.564886, 9.221375, 0.671756, opening
0.009521, 1.030273, -0.156494, -2.809160, 8.732824, 0.488550, opening
0.044189, 0.960938, -0.174316, -2.809160, 8.366412, 0.732824, opening
0.039307, 1.016357, -0.173340, -3.297710, 7.450382, 0.183206, opening
0.030762, 1.032715, -0.197021, -2.992366, 6.778626, 0.610687, opening
0.020020, 1.009277, -0.174805, -3.603053, 7.206107, 0.671756, opening
0.038330, 1.001953, -0.174316, -1.648855, 6.106870, 0.732824, opening
0.026367, 1.027100, -0.155029, -2.809160, 6.106870, 0.610687, opening
0.005615, 0.989990, -0.125732, -2.748092, 5.618320, 0.549618, opening
0.045166, 0.982910, -0.148682, -3.480916, 5.801527, 0.671756, opening
0.006592, 1.017090, -0.078369, -2.503817, 4.885496, 0.793893, opening
0.033203, 1.010254, -0.137939, -2.625954, 5.435114, 0.549618, opening
0.032959, 1.015869, -0.159912, -2.503817, 4.946565, 0.488550, opening
0.034180, 1.020996, -0.160645, -3.664122, 4.763359, 0.610687, opening
0.014160, 1.002441, -0.119385, -2.625954, 5.190840, 0.549618, opening
0.034180, 1.015381, -0.145996, -3.358779, 4.213740, 0.610687, opening
0.021240, 0.991455, -0.074707, -5.496183, 4.091603, 0.732824, opening
0.032959, 1.029785, -0.170898, -3.358779, 4.152672, 0.793893, opening
0.026611, 1.013184, -0.138672, -4.274809, 4.152672, 0.732824, opening
0.029053, 1.011475, -0.143311, -4.213740, 4.030534, 0.854962, opening
0.026611, 1.010742, -0.143066, -3.725191, 3.847328, 0.854962, opening
0.026367, 1.005371, -0.145996, -3.541985, 3.541985, 0.671756, opening
0.030273, 1.011230, -0.146729, -2.870229, 3.297710, 0.793893, opening
0.029297, 1.011719, -0.156738, -2.870229, 3.053435, 0.671756, opening
0.026367, 1.007080, -0.153564, -3.053435, 2.809160, 0.854962, opening
0.025146, 1.007568, -0.140137, -3.358779, 2.625954, 0.793893, opening
0.022461, 1.006592, -0.119385, -3.236641, -0.549618, 0.671756, opening
0.022949, 1.011230, -0.113770, -3.297710, -0.793893, 0.671756, opening
0.010742, 1.005615, -0.110596, -3.175573, -0.610687, 0.610687, opening
0.019043, 1.009277, -0.119873, -3.297710, -0.732824, 0.793893, opening
0.017578, 1.010010, -0.120850, -3.236641, -0.427481, 0.732824, opening
0.016602, 1.011963, -0.113770, -3.236641, -0.610687, 0.854962, opening
0.020752, 1.004395, -0.115723, -3.419847, -0.549618, 0.671756, opening
0.021973, 1.009766, -0.115234, -3.175573, -0.671756, 0.793893, opening
0.011719, 1.010010, -0.114502, -3.175573, -0.671756, 0.732824, opening
0.019531, 1.009766, -0.124512, -3.297710, -0.732824, 0.793893, opening
0.020264, 1.010498, -0.112793, -3.236641, -0.671756, 0.732824, opening
0.014893, 1.009521, -0.123779, -3.114504, -0.549618, 0.732824, opening
0.027100, 1.001709, -0.116211, -3.175573, -0.671756, 0.549618, opening
0.017334, 1.012207, -0.120117, -3.114504, -0.488550, 0.793893, opening
0.024902, 1.006348, -0.115234, -3.297710, -0.732824, 0.732824, opening
0.012695, 1.009033, -0.125732, -3.175573, -0.793893, 0.793893, opening
0.024170, 1.009277, -0.120850, -3.297710, -0.610687, 0.732824, opening
0.027100, 1.008789, -0.119629, -3.236641, -0.549618, 0.732824, opening
0.020020, 1.010498, -0.118896, -3.297710, -0.671756, 0.793893, opening
0.023926, 1.011475, -0.122314, -3.236641, -0.427481, 0.854962, opening
0.017822, 1.003174, -0.123535, -3.236641, -0.732824, 0.854962, opening
0.018555, 1.010254, -0.128906, -3.297710, -0.610687, 0.854962, opening
0.023193, 1.006592, -0.113770, -3.175573, -0.610687, 0.793893, opening
0.023438, 1.014160, -0.108398, -3.297710, -0.549618, 0.732824, opening
0.036377, 1.007568, -0.125732, -3.480916, -0.305344, 0.732824, opening
0.008545, 0.998047, -0.059814, -2.992366, -1.221374, 0.977099, opening
-0.040283, 1.040283, -0.129639, -3.603053, -0.671756, 0.854962, opening
0.003174, 0.981445, -0.018555, -3.297710, 0.305344, 0.549618, opening
-0.037598, 0.992188, -0.153076, -4.274809, 0.488550, 0.671756, opening
0.155029, 0.957275, -0.057617, -3.603053, 1.526718, 1.038168, opening
-0.051270, 1.030273, 0.183594, -3.358779, 1.648855, 0.671756, opening
-0.003418, 0.956543, 0.109375, -2.870229, 2.992366, 0.854962, opening
0.107666, 1.050781, 0.123047, -2.198473, 7.206107, 0.793893, opening
0.011230, 1.026123, 0.145996, -4.885496, 8.488549, 0.488550, opening
0.003662, 1.012207, 0.137695, -4.274809, 10.809160, 0.671756, opening
0.023438, 1.039795, 0.238525, -2.381679, 15.389313, 0.488550, opening
0.024658, 0.957275, 0.151855, -4.030534, 17.465649, 0.793893, opening
0.025146, 1.024902, 0.078125, -4.030534, 19.480917, 0.793893, opening
0.023438, 1.029053, 0.073730, -5.007634, 20.885496, 0.610687, opening
0.064453, 0.993652, -0.005371, -5.068702, 22.961832, 0.366412, opening
0.023682, 0.996338, -0.016846, -4.458015, 23.511450, 0.793893, opening
0.034668, 1.007324, -0.142334, -4.702290, 22.900763, 0.610687, opening
0.034912, 1.002441, -0.120361, -3.053435, 23.877863, 0.854962, opening
0.043213, 1.013672, -0.084473, -1.221374, 24.061069, 0.610687, opening
0.031494, 1.014404, -0.123535, -2.015267, 23.633589, 0.549618, opening
0.040527, 1.011230, -0.093262, -2.625954, 24.427481, 0.732824, opening
0.038330, 1.011230, -0.025879, -2.992366, 25.038168, 0.610687, opening
0.030762, 0.999512, 0.015869, -2.198473, 25.343512, 0.732824, opening
0.039062, 0.998291, 0.078369, -1.893130, 27.480917, 0.610687, opening
0.074219, 0.866699, 0.157471, -2.442748, 29.679390, 1.648855, opening
0.031982, 0.960938, 0.189941, -0.427481, 31.267176, 0.549618, opening
0.042969, 1.024902, 0.156982, -4.091603, 34.320610, 0.488550, opening
0.052979, 1.009766, 0.159180, -2.564886, 37.190842, 0.671756, opening
0.057373, 0.999756, 0.176025, -1.099237, 39.633587, 0.488550, opening
0.062256, 1.003174, 0.142334, -1.832061, 42.076336, 0.549618, opening
0.056885, 1.015625, 0.147705, -2.381679, 44.580154, 0.366412, opening
0.074463, 1.010986, 0.102539, -3.114504, 46.534351, 0.366412, opening
0.064453, 1.008301, 0.105225, -3.603053, 48.061069, 0.244275, opening
0.047119, 1.006104, 0.100830, -3.725191, 49.465649, 0.488550, opening
0.090332, 1.016113, 0.046875, -3.969466, 52.152672, 0.305344, opening
0.087158, 1.008545, 0.106689, -3.480916, 53.984734, 0.366412, opening
0.088135, 1.017578, 0.135742, -3.236641, 56.183205, 0.427481, opening
0.108154, 1.001221, 0.104980, -3.847328, 58.442749, 0.427481, opening
0.166748, 1.064453, -0.197754, -6.045802, 59.786259, 0.244275, opening
0.119873, 1.013916, 0.082275, -2.625954, 61.496185, 0.427481, opening
0.113037, 0.993408, 0.037109, -4.030534, 63.511452, 0.427481, opening
0.128906, 1.015625, 0.043213, -3.419847, 65.404579, 0.427481, opening
0.134521, 1.006348, 0.055176, -4.396946, 66.687019, 0.366412, opening
0.167725, 1.086182, -0.360596, -7.633588, 68.213737, 0.122137, opening
0.143311, 0.986084, 0.189453, -1.954198, 69.190842, 0.488550, opening
0.140869, 0.991455, 0.139648, -3.786260, 72.366409, 0.061069, opening
0.227051, 1.057373, -0.157227, -5.557252, 74.809158, 0.183206, opening
0.110107, 1.060547, 0.016846, -2.442748, 74.198471, 0.305344, opening
0.149414, 1.003906, 0.138428, -3.297710, 77.374046, 0.671756, opening
0.177002, 1.022217, 0.017578, -4.213740, 79.022903, 0.183206, opening
0.193604, 1.026855, -0.037842, -3.908397, 79.694656, 0.244275, opening
0.182617, 0.993652, 0.024902, -3.786260, 81.160309, 0.244275, opening
0.198486, 1.016846, -0.023926, -3.053435, 82.076340, 0.183206, opening
0.197510, 1.004150, -0.038330, -3.664122, 82.809158, 0.122137, opening
0.201904, 1.006592, -0.049072, -4.580153, 83.358780, 0.427481, opening
0.211914, 1.020508, -0.085938, -4.702290, 84.030533, 0.183206, opening
0.195312, 0.983398, -0.040771, -3.603053, 83.786263, 0.427481, opening
0.202881, 1.024658, -0.097900, -2.503817, 85.068703, 0.244275, opening
0.209717, 1.008301, -0.127930, -3.358779, 84.274811, 0.244275, opening
0.202881, 1.004395, -0.111084, -2.503817, 84.396950, 0.366412, opening
0.195801, 1.086914, -0.192139, -2.442748, 84.702293, 0.427481, opening
0.173096, 1.066895, -0.143799, -8.244275, 83.847328, 0.244275, opening
0.338623, 0.963623, -0.257568, 0.366412, 83.786263, 0.427481, opening
0.189941, 1.009033, -0.142578, 0.732824, 83.419846, -0.183206, opening
0.245117, 1.019775, -0.191650, -3.358779, 83.114502, 0.061069, opening
0.201904, 1.015625, -0.191650, -3.480916, 82.076340, 0.000000, opening
0.204834, 1.006104, -0.166992, -3.114504, 81.832062, 0.061069, opening
0.191406, 1.018555, -0.167480, -2.442748, 81.099236, 0.061069, opening
0.197510, 1.006592, -0.177002, -2.992366, 80.366409, 0.244275, opening
0.192383, 0.997314, -0.141602, -2.931298, 80.244278, 0.183206, opening
0.190186, 1.020264, -0.181885, -3.786260, 79.511452, 0.122137, opening
0.176514, 0.998779, -0.174316, -4.274809, 78.595421, 0.122137, opening
0.187500, 1.012451, -0.179199, -4.396946, 77.923668, 0.183206, opening
0.186279, 1.004883, -0.175049, -4.458015, 77.618324, 0.244275, opening
0.181885, 1.013672, -0.179443, -3.908397, 76.885498, 0.244275, opening
0.180176, 1.005371, -0.185791, -3.541985, 76.274811, 0.366412, opening
0.177002, 1.013916, -0.176514, -3.603053, 75.969467, 0.244275, opening
0.175781, 1.006592, -0.164062, -3.969466, 75.419846, 0.305344, opening
0.176025, 1.011230, -0.159668, -3.847328, 74.564888, 0.305344, opening
0.170898, 1.013428, -0.174805, -3.786260, 74.442749, 0.244275, opening
-0.021973, 1.083740, -0.011719, -3.053435, 70.717560, -1.404580, opening
0.156982, 0.999756, -0.128174, -4.702290, 72.977097, 0.244275, opening
0.151367, 0.995850, -0.143311, -3.664122, 73.160309, 0.244275, opening
0.167725, 1.007080, -0.181396, -2.015267, 72.244278, 0.122137, opening
0.156006, 1.010986, -0.150879, -0.916031, 72.061066, 0.244275, opening
0.172607, 1.017334, -0.182373, -2.198473, 71.450378, 0.305344, opening
0.153320, 1.017578, -0.166748, -1.465649, 71.572517, 0.366412, opening
0.158936, 1.007812, -0.184082, -4.030534, 70.473282, 0.122137, opening
0.161377, 1.006348, -0.165771, -3.175573, 70.290077, 0.061069, opening
0.183594, 1.001953, -0.188965, -1.038168, 69.740456, 0.061069, opening
0.151123, 1.000977, -0.160645, -2.564886, 69.435112, 0.244275, opening
0.148926, 1.010254, -0.174072, -5.862596, 68.763359, 0.183206, opening
0.154053, 1.007324, -0.153564, -6.229008, 68.519081, 0.183206, opening
0.158203, 0.998047, -0.217285, -7.145038, 68.152672, 0.183206, opening
0.144775, 1.007568, -0.170898, -6.167939, 67.236641, 0.427481, opening
0.149902, 1.011230, -0.150391, -5.801527, 66.809158, 0.183206, opening
0.137451, 1.014893, -0.259033, -5.984733, 65.282440, 0.488550, opening
0.141357, 1.015381, -0.195557, -4.396946, 64.977097, 0.488550, opening
0.135254, 0.997314, -0.208740, -4.335878, 64.610687, 0.366412, opening
0.139160, 1.007568, -0.253662, -3.603053, 63.450382, 0.488550, opening
0.131348, 1.005615, -0.223145, -3.358779, 62.290077, 0.427481, opening
0.128906, 1.016113, -0.295410, -3.236641, 60.763359, 0.671756, opening
0.127930, 1.001953, -0.318359, -3.114504, 58.992367, 0.488550, opening
0.117676, 1.014404, -0.343018, -3.114504, 56.977100, 0.549618, opening
0.111572, 0.997314, -0.355713, -3.053435, 54.656490, 0.488550, opening
0.107178, 1.008545, -0.389160, -3.053435, 52.274811, 0.427481, opening
0.099121, 1.006104, -0.389648, -3.175573, 49.954197, 0.610687, opening
0.095947, 1.007568, -0.405762, -3.297710, 47.267178, 0.549618, opening
0.091064, 1.005859, -0.420166, -3.236641, 44.702290, 0.488550, opening
0.077148, 1.003662, -0.404785, -3.114504, 42.137405, 0.549618, opening
0.076904, 1.009033, -0.399902, -2.992366, 39.511452, 0.610687, opening
0.073730, 1.005127, -0.388916, -2.870229, 37.190842, 0.549618, opening
0.070312, 1.010986, -0.381348, -3.114504, 34.564884, 0.671756, opening
0.063721, 1.008057, -0.373047, -2.809160, 32.244274, 0.610687, opening
0.021973, 1.030273, -0.275879, -0.183206, 30.778625, 1.343511, opening
0.066162, 1.023926, -0.360352, -1.648855, 28.274809, 0.793893, opening
0.051025, 0.991699, -0.280029, -1.587786, 26.503817, 0.671756, opening
0.049561, 1.000732, -0.289551, -2.198473, 24.977098, 0.732824, opening
0.046875, 1.008057, -0.260986, -2.687023, 23.389313, 0.610687, opening
0.045898, 0.999512, -0.258057, -3.236641, 21.984734, 0.610687, opening
0.051025, 1.003906, -0.246826, -3.053435, 20.824427, 0.610687, opening
0.041504, 1.014404, -0.217285, -2.564886, 19.664122, 0.610687, opening
0.040283, 1.003418, -0.230957, -3.297710, 18.687023, 0.610687, opening
0.041260, 1.009521, -0.234131, -3.603053, 17.465649, 0.549618, opening
0.037109, 1.007812, -0.223877, -3.541985, 16.671755, 0.854962, opening
0.030273, 1.007324, -0.234863, -3.175573, 15.572519, 0.610687, opening
0.040527, 1.003906, -0.234375, -3.175573, 14.778626, 0.610687, opening
0.038330, 1.001709, -0.225586, -3.175573, 13.801527, 0.671756, opening
0.038330, 1.004883, -0.217041, -2.870229, 12.763359, 0.671756, opening
0.029541, 1.001953, -0.176270, -3.053435, 12.091603, 0.854962, opening
0.021240, 1.010498, -0.164062, -3.175573, 11.297710, 0.671756, opening
0.027832, 1.008789, -0.145508, -3.053435, 10.992367, 0.610687, opening
0.024902, 1.004883, -0.130859, -2.687023, 10.809160, 0.854962, opening
0.025146, 1.026123, -0.133545, -3.175573, 10.625955, 0.671756, opening
0.031494, 1.002686, -0.129883, -2.748092, 10.503817, 0.549618, opening
0.028564, 1.003662, -0.119385, -3.175573, 10.381680, 0.732824, opening
0.032227, 1.000244, -0.106445, -2.259542, 10.381680, 0.793893, opening
0.022949, 1.031738, -0.137695, -3.847328, 10.320611, 0.671756, opening
0.033936, 1.012695, -0.134033, -3.236641, 9.832061, 0.671756, opening
0.010498, 1.013428, -0.093750, -3.603053, 10.625955, 0.488550, opening
0.036621, 1.017090, -0.128662, -2.259542, 10.015267, 0.549618, opening
0.015869, 1.008057, -0.087158, -2.564886, 10.137404, 0.854962, opening
0.026855, 1.012939, -0.108154, -2.564886, 9.709924, 0.671756, opening
-0.013672, 1.017334, -0.078369, -3.725191, 9.526717, 0.732824, opening
0.028809, 1.003418, -0.117676, -4.580153, 10.015267, 0.610687, opening
0.039795, 0.998779, -0.116943, -3.297710, 9.709924, 0.793893, opening
0.011719, 1.004883, -0.074707, -2.625954, 10.137404, 0.610687, opening
0.023193, 1.031006, -0.140625, -2.931298, 9.709924, 0.854962, opening
0.035889, 1.008545, -0.138672, -3.786260, 9.587787, 0.732824, opening
0.013428, 0.992920, -0.086670, -3.053435, 9.832061, 0.427481, opening
0.037354, 1.014160, -0.147461, -2.992366, 9.526717, 0.549618, opening
0.020752, 1.016357, -0.123291, -3.297710, 9.832061, 0.854962, opening
0.032959, 1.012207, -0.124268, -2.381679, 9.832061, 0.793893, opening
0.023438, 1.015381, -0.113770, -3.480916, 9.893129, 0.671756, opening
0.045654, 0.990234, -0.131348, -2.809160, 9.465649, 0.610687, opening
0.040283, 0.994141, -0.125977, -2.809160, 9.282443, 0.793893, opening
0.017334, 1.018555, -0.103516, -3.725191, 9.832061, 0.610687, opening
0.041260, 1.007568, -0.129150, -2.870229, 9.343512, 0.854962, opening
0.028076, 1.021240, -0.145264, -3.297710, 9.343512, 1.038168, opening
0.020264, 1.000244, -0.105225, -3.175573, 9.465649, 0.671756, opening
0.012939, 1.012695, -0.169922, -3.114504, 8.366412, 0.610687, opening
0.024658, 0.978271, -0.071045, 10.870229, 9.221375, 0.793893, opening
0.032471, 1.007812, -0.755371, -3.603053, 1.038168, 1.648855, opening
-0.017334, 1.103760, -0.386475, -4.946565, 2.748092, 0.244275, opening
0.005127, 0.984131, -0.414307, -10.198473, -4.396946, 0.000000, opening
0.096924, 0.996826, -0.360352, -16.793894, -6.106870, 0.366412, opening
-0.065674, 0.962646, -0.028809, -5.312977, -3.969466, 0.549618, opening
0.097900, 0.923340, -0.029297, -2.381679, -9.038168, 1.038168, opening
-0.010010, 1.026123, -0.082520, -3.969466, -11.236641, 1.221374, opening
0.022461, 1.004639, 0.011719, 1.770992, -5.129771, 1.221374, opening
-0.032471, 1.030762, 0.093994, -0.977099, -5.496183, 0.671756, opening
0.040283, 1.037109, -0.047363, -7.267176, -9.648855, 0.732824, opening
0.006592, 0.928711, -0.153320, -5.801527, -6.045802, 0.671756, opening
0.051758, 0.993652, -0.231934, -3.603053, -4.763359, 0.854962, opening
0.006836, 1.013428, 0.114746, 1.648855, -8.916031, 1.282443, opening
0.016846, 1.036377, -0.209473, -1.587786, -6.412214, 0.793893, opening
0.042725, 1.007568, -0.271240, -4.519084, -4.335878, 0.793893, opening
-0.008545, 1.038086, 0.153564, -3.847328, -5.129771, 0.671756, opening
0.051514, 0.976318, -0.102051, -5.312977, -6.595420, 0.549618, opening
0.060547, 0.954346, -0.220947, -4.641222, -4.335878, 0.854962, opening
0.014160, 1.026123, -0.002441, 0.671756, -3.480916, 0.977099, opening
0.031738, 1.030273, -0.003418, -0.366412, -5.435114, 0.977099, opening
0.027588, 1.032715, -0.245850, -7.022901, -4.335878, 0.793893, opening
0.039062, 1.014160, -0.052002, -3.786260, -2.076336, 0.671756, opening
0.017578, 0.984619, -0.001953, -4.396946, -3.236641, 0.793893, opening
0.034668, 1.000977, -0.157959, -5.740458, -3.786260, 0.854962, opening
0.030518, 1.005371, -0.091797, -0.183206, -1.343511, 0.977099, opening
0.010498, 1.033691, -0.031738, -0.854962, -1.587786, 0.793893, opening
0.031494, 1.029541, -0.082031, -4.519084, -2.870229, 0.610687, opening
0.024170, 0.994873, -0.132568, -5.435114, -1.099237, 0.549618, opening
0.033936, 0.985352, -0.052734, -3.664122, -0.427481, 0.732824, opening
0.016113, 0.992676, -0.026855, -2.687023, -1.648855, 0.793893, opening
0.030518, 1.013428, -0.161133, -2.015267, -0.916031, 0.916031, opening
0.033447, 1.015381, -0.093750, -1.832061, 0.122137, 0.854962, opening
0.017334, 1.031494, -0.065430, -4.274809, -0.671756, 0.793893, opening
0.026367, 1.012207, -0.148438, -5.679389, -1.038168, 0.610687, opening
0.031250, 0.991699, -0.125000, -4.335878, 0.244275, 0.854962, opening
0.015137, 1.003418, -0.068359, -1.587786, 0.305344, 0.793893, opening
0.028564, 1.004150, -0.110107, -1.893130, -0.610687, 1.038168, opening
0.027344, 1.018066, -0.152344, -3.175573, 0.183206, 0.610687, opening
0.029785, 1.023926, -0.095215, -3.358779, 0.549618, 0.732824, opening
0.021729, 0.999512, -0.097412, -5.007634, -0.427481, 0.549618, opening
0.032959, 0.998047, -0.157959, -4.152672, -0.122137, 0.671756, opening
0.023682, 1.015381, -0.123047, -3.297710, -0.549618, 0.732824, opening
0.020752, 1.003662, -0.121338, -3.358779, -0.488550, 0.671756, opening
0.023438, 1.012939, -0.122559, -3.175573, -0.610687, 0.854962, opening
0.014648, 1.005371, -0.120850, -3.236641, -0.732824, 0.732824, opening
0.020264, 1.009521, -0.119873, -3.175573, -0.549618, 0.732824, opening
0.018311, 1.003174, -0.120361, -3.236641, -0.549618, 0.793893, opening
0.018555, 1.007324, -0.122070, -3.236641, -0.610687, 0.671756, opening
0.019531, 1.011475, -0.122070, -3.297710, -0.732824, 0.916031, opening
0.020996, 1.005859, -0.128418, -3.236641, -0.610687, 0.916031, opening
0.018799, 1.006592, -0.114258, -3.175573, -0.549618, 0.549618, opening
0.018555, 1.003174, -0.114990, -3.236641, -0.671756, 0.732824, opening
0.021973, 1.005371, -0.120605, -3.297710, -0.732824, 0.732824, opening
0.020508, 1.015625, -0.111816, -3.175573, -0.671756, 0.977099, opening
0.017822, 1.009766, -0.124756, -3.358779, -0.549618, 0.793893, opening
0.020020, 1.011475, -0.112549, -3.419847, -0.488550, 0.732824, opening
0.016846, 1.007324, -0.116211, -3.297710, -0.610687, 0.732824, opening
0.024414, 1.004639, -0.119141, -3.175573, -0.549618, 0.916031, opening
0.023193, 1.003662, -0.119629, -3.236641, -0.549618, 0.671756, opening
0.020020, 1.009277, -0.129883, -3.236641, -0.732824, 0.854962, opening
0.009277, 1.012207, -0.116211, -3.358779, -0.610687, 0.916031, opening
0.016357, 1.005127, -0.126953, -3.236641, -0.732824, 0.793893, opening
0.018311, 1.006348, -0.128418, -3.236641, -0.671756, 0.732824, opening
0.014160, 1.006836, -0.123535, -3.297710, -0.610687, 0.732824, opening
0.014404, 1.011963, -0.118408, -3.358779, -0.488550, 0.732824, opening
0.015137, 1.007080, -0.121094, -3.175573, -0.610687, 0.854962, opening
0.017578, 1.008057, -0.117188, -3.114504, -0.671756, 0.854962, opening
0.010254, 1.009033, -0.122070, -3.236641, -0.732824, 0.732824, opening
0.017334, 1.013916, -0.117432, -3.297710, -0.671756, 0.793893, opening
0.029053, 1.015869, -0.139648, -3.175573, -0.732824, 0.732824, opening
0.013428, 1.013916, -0.109619, -3.053435, -1.038168, 0.854962, opening
0.022949, 1.003662, -0.116455, -3.236641, -0.549618, 0.671756, opening
0.027832, 1.013184, -0.122070, -3.358779, -0.610687, 0.671756, opening
0.010010, 1.009521, -0.107178, -3.053435, -0.671756, 0.610687, opening
0.023682, 0.998779, -0.111084, -3.175573, -0.671756, 0.854962, opening
-0.036377, 0.946289, 0.010254, -2.687023, 0.916031, 0.610687, opening
0.023682, 1.019043, -0.273438, -2.442748, -1.648855, 0.793893, opening
0.031494, 0.962891, -0.040771, -6.229008, 0.793893, 0.488550, opening
0.288086, 1.066406, -0.149170, -3.725191, 2.870229, 0.793893, opening
0.272949, 0.988525, -0.072510, -4.580153, 5.801527, 0.610687, opening
-0.252197, 0.984863, 0.446533, -1.587786, 0.671756, 0.549618, opening
-0.011719, 0.983154, 0.079834, -3.541985, 5.496183, 0.671756, opening
0.012451, 0.997559, 0.136719, -2.137405, 6.595420, 0.854962, opening
-0.000488, 1.013672, 0.118896, -3.053435, 8.793893, 0.549618, opening
-0.037354, 0.961914, 0.156494, -1.099237, 9.648855, 0.549618, opening
0.043945, 1.012451, 0.007568, -1.893130, 11.114504, 0.427481, opening
0.004639, 0.986572, 0.054932, -1.709924, 12.885496, 0.427481, opening
0.033447, 0.987061, 0.185791, -1.954198, 14.045801, 0.916031, opening
0.008301, 1.037109, -0.022217, -5.740458, 15.083969, 0.610687, opening
0.051758, 0.982178, -0.002441, -5.251908, 17.465649, 0.793893, opening
-0.004639, 1.025635, 0.046387, -1.954198, 18.748091, 0.793893, opening
0.049805, 1.003418, -0.088379, -3.358779, 18.503817, 0.854962, opening
0.006348, 0.999023, -0.098145, -3.664122, 19.114504, 0.916031, opening
0.044434, 1.014160, -0.122070, -2.564886, 18.870230, 0.854962, opening
0.023193, 1.008057, -0.168945, -4.152672, 18.503817, 0.610687, opening
0.033447, 1.014648, -0.182861, -3.969466, 18.015266, 0.671756, opening
0.024902, 1.019775, -0.169678, -3.541985, 17.770992, 0.610687, opening
0.035889, 0.999268, -0.145996, -3.419847, 17.465649, 0.671756, opening
0.021729, 1.007812, -0.138428, -2.625954, 17.221375, 0.732824, opening
0.040039, 1.020264, -0.135498, -2.748092, 17.587786, 0.671756, opening
0.014404, 1.003418, -0.065918, -3.175573, 17.404581, 0.549618, opening
0.047363, 1.013672, -0.091553, -3.114504, 17.832062, 0.671756, opening
0.020996, 1.028320, -0.137207, -3.419847, 17.770992, 0.732824, opening
-0.042480, 1.000488, 0.044678, -2.015267, 17.282442, 0.549618, opening
0.168457, 1.010498, -0.030518, -3.114504, 21.618320, 0.549618, opening
-0.071045, 1.000488, -0.028809, -4.030534, 19.541985, 0.610687, opening
0.110596, 0.993896, -0.061279, -5.557252, 23.816793, 0.427481, opening
0.100830, 0.969727, 0.178711, -4.824428, 25.709925, 0.122137, opening
0.046631, 1.074951, -0.179932, -3.908397, 28.519085, 0.183206, opening
0.161133, 0.948975, -0.000732, -2.625954, 27.480917, 0.549618, opening
0.031982, 1.005859, 0.099121, -0.671756, 27.480917, 0.671756, opening
-0.103271, 0.968262, 0.229736, -3.236641, 29.068703, 0.427481, opening
-0.106689, 1.059326, 0.100586, -3.358779, 29.923664, 0.061069, opening
0.012451, 0.954102, 0.273438, -2.076336, 31.450382, 0.549618, opening
0.017822, 0.964844, 0.171143, -1.282443, 34.564884, 0.732824, opening
0.056152, 1.027100, 0.126465, -3.114504, 35.908398, 0.610687, opening
0.015625, 1.008545, 0.118408, -2.015267, 37.679390, 0.549618, opening
0.060059, 1.016846, 0.176270, -1.587786, 39.755726, 0.732824, opening
0.024902, 1.036865, 0.044189, -3.053435, 41.587788, 0.183206, opening
0.073486, 0.993652, 0.104736, -2.687023, 43.175571, 0.549618, opening
0.068359, 1.046143, 0.120605, -2.076336, 45.862595, 0.488550, opening
0.081787, 0.997803, 0.096436, -3.480916, 47.816795, 0.305344, opening
0.066162, 1.004883, 0.103760, -3.725191, 49.832062, 0.549618, opening
0.090820, 1.030518, 0.128174, -3.419847, 52.580154, 0.244275, opening
0.077881, 0.993896, 0.105713, -3.297710, 54.778625, 0.183206, opening
0.106201, 1.006348, 0.129883, -3.114504, 56.854961, 0.305344, opening
0.097656, 1.015137, 0.102295, -3.969466, 58.503819, 0.183206, opening
0.106445, 0.998291, 0.093018, -3.114504, 60.641220, 0.305344, opening
0.120850, 1.017090, 0.098389, -3.419847, 62.412212, 0.366412, opening
0.124023, 1.008545, 0.061279, -3.480916, 64.488548, 0.244275, opening
0.128174, 1.009033, 0.083008, -3.175573, 66.137405, 0.183206, opening
0.139648, 1.015625, 0.062256, -3.664122, 67.725189, 0.244275, opening
0.138916, 0.990234, 0.030029, -3.419847, 69.190842, 0.244275, opening
0.150879, 1.015625, 0.009277, -2.931298, 70.595421, 0.305344, opening
0.153320, 1.004395, 0.041992, -3.664122, 71.572517, 0.244275, opening
0.147949, 1.003418, -0.028564, -4.458015, 72.610687, 0.244275, opening
0.162354, 1.006104, -0.026123, -3.786260, 73.526718, 0.122137, opening
0.159668, 1.006836, -0.023193, -3.908397, 74.259544, 0.305344, opening
0.166748, 1.008789, -0.063477, -2.870229, 74.748093, 0.244275, opening
0.170898, 1.017090, -0.089355, -3.847328, 75.297707, 0.305344, opening
0.166504, 1.001709, -0.092041, -3.969466, 75.419846, 0.305344, opening
0.170410, 1.009033, -0.118896, -4.213740, 75.236641, 0.183206, opening
0.166260, 1.042725, -0.140137, -5.374046, 75.297707, 1.221374, opening
0.163818, 0.998291, -0.159424, -1.465649, 75.358780, 0.488550, opening
0.155273, 1.000244, -0.179932, -3.603053, 74.198471, 0.366412, opening
0.143066, 0.988037, -0.128662, -3.908397, 73.587784, 0.244275, opening
0.175049, 1.023682, -0.201416, -3.664122, 73.465652, 0.427481, opening
0.167480, 1.004395, -0.172607, -5.312977, 73.038170, 0.854962, opening
0.173096, 1.013672, -0.152832, -3.419847, 72.366409, 0.366412, opening
0.158447, 1.011475, -0.214600, -5.007634, 71.633591, 0.305344, opening
0.165283, 1.005371, -0.150391, -3.480916, 71.511452, 0.488550, opening
0.148193, 1.006348, -0.157715, -1.221374, 70.900764, 0.549618, opening
0.162842, 1.004395, -0.171387, -2.503817, 70.534355, 0.366412, opening
0.147217, 1.016602, -0.170166, -2.320611, 70.290077, 0.366412, opening
0.158691, 1.012207, -0.158447, -1.954198, 70.045799, 0.549618, opening
0.148682, 1.005615, -0.174561, -1.893130, 68.946564, 0.427481, opening
0.152588, 1.019775, -0.160156, -2.625954, 69.129768, 0.122137, opening
0.146484, 1.013184, -0.161621, -3.969466, 67.969467, 0.366412, opening
0.139160, 1.011719, -0.174561, -4.519084, 67.664124, 0.244275, opening
0.138916, 1.000488, -0.152832, -2.809160, 67.297707, 0.488550, opening
0.147949, 1.009521, -0.161865, -3.053435, 66.870232, 0.305344, opening
0.145752, 1.009033, -0.157715, -5.312977, 66.198471, 0.427481, opening
0.139648, 0.997559, -0.149170, -2.809160, 66.381683, 0.488550, opening
0.136475, 1.008057, -0.159180, -2.076336, 65.709923, 0.427481, opening
0.139648, 1.018066, -0.144775, -1.893130, 65.526718, 0.305344, opening
0.127930, 1.007080, -0.174072, -2.992366, 65.038170, 0.488550, opening
0.136475, 1.008545, -0.157227, -3.541985, 64.732826, 0.488550, opening
0.131836, 1.005371, -0.144531, -3.114504, 64.427483, 0.366412, opening
0.146240, 1.011963, -0.198242, -4.824428, 63.694656, 0.305344, opening
0.144043, 0.996338, -0.145508, -1.832061, 63.450382, 0.305344, opening
0.135742, 0.994385, -0.138184, -4.702290, 62.778625, 0.122137, opening
0.121338, 1.010010, -0.162842, -4.335878, 62.473282, 0.244275, opening
0.127930, 1.006348, -0.163574, -4.641222, 62.167938, 0.366412, opening
0.123291, 1.004639, -0.143799, -3.358779, 61.984734, 0.488550, opening
0.126953, 1.014893, -0.152588, -4.763359, 61.679390, 0.549618, opening
0.128418, 1.005371, -0.143555, -3.114504, 61.129772, 0.366412, opening
0.126709, 1.005371, -0.150146, -4.030534, 60.763359, 0.427481, opening
0.123291, 1.007568, -0.142822, -1.770992, 60.824429, 0.305344, opening
0.121826, 1.014648, -0.157471, -2.687023, 60.152672, 0.549618, opening
0.121582, 1.005615, -0.163086, -2.625954, 60.030533, 0.427481, opening
0.117676, 0.996338, -0.146484, -2.320611, 59.725189, 0.366412, opening
0.119385, 1.011230, -0.136475, -2.625954, 59.175571, 0.427481, opening
0.117920, 1.012939, -0.167480, -2.931298, 58.992367, 0.427481, opening
0.115723, 1.009277, -0.153076, -2.076336, 58.809162, 0.305344, opening
0.119385, 1.006836, -0.149170, -2.564886, 58.503819, 0.427481, opening
0.113770, 1.022217, -0.150879, -2.748092, 58.259541, 0.244275, opening
0.112305, 0.999023, -0.162109, -2.809160, 57.587788, 0.244275, opening
0.105957, 1.004150, -0.152588, -3.175573, 57.221375, 0.427481, opening
0.116211, 1.012695, -0.143066, -3.358779, 57.099236, 0.427481, opening
0.098145, 1.016846, -0.191406, -3.664122, 56.122139, 0.305344, opening
0.093750, 1.042236, -0.226807, -3.175573, 55.694656, 0.366412, opening
0.112061, 1.042480, -0.170166, -1.038168, 56.061069, 0.244275, opening
0.121826, 0.991455, -0.244629, -3.175573, 55.145039, 0.488550, opening
0.113037, 0.983398, -0.230225, -3.786260, 53.679390, 0.366412, opening
0.094482, 1.034180, -0.125732, -2.503817, 53.251907, 0.427481, opening
0.099121, 1.004150, -0.261719, -3.725191, 52.396946, 0.305344, opening
0.103271, 1.020508, -0.261963, -4.274809, 51.480915, 0.305344, opening
0.102783, 1.003906, -0.192139, -3.480916, 51.114506, 0.244275, opening
0.104980, 1.001221, -0.248291, -3.786260, 49.587788, 0.305344, opening
0.095459, 1.003174, -0.288574, -5.007634, 48.000000, 0.488550, opening
0.087402, 1.011230, -0.209961, -2.870229, 46.961834, 0.427481, opening
0.078369, 1.010742, -0.291504, -4.274809, 45.801525, 0.488550, opening
0.084961, 1.010986, -0.266357, -3.114504, 44.396946, 0.488550, opening
0.082764, 1.006592, -0.238525, -4.580153, 43.175571, 0.549618, opening
0.073486, 1.016602, -0.294434, -4.458015, 41.770992, 0.488550, opening
0.070557, 1.009033, -0.249268, -3.358779, 40.183205, 0.305344, opening
0.077393, 1.003906, -0.240479, -3.725191, 39.206108, 0.793893, opening
0.071289, 1.002441, -0.278564, -2.748092, 37.984734, 0.671756, opening
0.059570, 1.010986, -0.253418, -3.908397, 36.580154, 0.549618, opening
0.070801, 1.003418, -0.230225, -3.175573, 35.297710, 0.488550, opening
0.066650, 1.000732, -0.257568, -3.175573, 34.259541, 0.427481, opening
0.058594, 1.010986, -0.237793, -2.564886, 33.038170, 0.854962, opening
0.060547, 1.010986, -0.203857, -2.503817, 32.244274, 0.671756, opening
0.047119, 1.008789, -0.201904, -3.114504, 31.450382, 0.671756, opening
0.056396, 1.007812, -0.221924, -3.480916, 30.412214, 0.732824, opening
0.053223, 1.010498, -0.190430, -3.358779, 29.618320, 0.671756, opening
0.053711, 1.008545, -0.224365, -3.725191, 28.580153, 0.671756, opening
0.055664, 1.008301, -0.232666, -3.725191, 27.664122, 0.671756, opening
0.057617, 1.006104, -0.200684, -2.748092, 26.687023, 0.732824, opening
0.039551, 1.006836, -0.220947, -2.564886, 25.770992, 0.671756, opening
0.050049, 1.000244, -0.230713, -3.175573, 25.099237, 0.671756, opening
0.043945, 1.010498, -0.186035, -2.931298, 24.000000, 0.610687, opening
0.042725, 1.009033, -0.182129, -3.114504, 23.572519, 0.610687, opening
0.037598, 1.010742, -0.188232, -2.809160, 22.839695, 0.488550, opening
0.043213, 1.009033, -0.164795, -2.748092, 22.412214, 0.610687, opening
0.036621, 1.009277, -0.168701, -3.114504, 21.984734, 0.793893, opening
0.038574, 1.000488, -0.160889, -2.931298, 21.435114, 0.549618, opening
0.041260, 1.014404, -0.163574, -2.198473, 20.885496, 0.427481, opening
0.031250, 1.012451, -0.167969, -3.419847, 20.396946, 0.610687, opening
0.037598, 1.005371, -0.175049, -3.053435, 19.969465, 0.671756, opening
0.037354, 1.012207, -0.157471, -3.786260, 19.419847, 0.671756, opening
0.035889, 1.011230, -0.171143, -3.603053, 18.809160, 0.671756, opening
0.038574, 1.004150, -0.183350, -3.175573, 18.320610, 0.610687, opening
-0.131836, 0.774902, 0.165283, -0.061069, -0.427481, 0.793893, opening
-0.362549, 1.369629, -1.119385, 14.961832, 5.679389, 1.526718, opening
-0.061279, 0.970703, -2.364746, -11.664123, 1.343511, 1.099237, opening
0.081543, 1.025879, 0.159424, -5.190840, 0.610687, 0.366412, opening
-0.107422, 0.938965, 0.409668, 3.908397, -10.931297, 0.488550, opening
0.157959, 0.849365, -1.056152, -20.702290, -8.916031, 0.427481, opening
0.030762, 1.083496, -0.462891, -9.526717, -7.938931, 0.916031, opening
0.133057, 0.872559, 0.513916, 1.465649, -10.748092, 0.854962, opening
-0.014893, 0.980713, -0.299561, -5.618320, -15.022901, 1.221374, opening
0.032471, 0.964844, 0.156006, 5.251908, -11.114504, 1.465649, opening
-0.034180, 1.067383, 0.119385, -1.282443, -5.862596, 0.793893, opening
0.057617, 1.057129, -0.075439, -6.351145, -11.541985, 0.732824, opening
0.077637, 0.930664, -0.189209, -8.977099, -6.839694, 0.610687, opening
0.003662, 1.005127, -0.101807, -2.442748, -3.847328, 0.671756, opening
0.052002, 0.993652, 0.052979, 0.854962, -8.610687, 1.160305, opening
-0.002441, 1.052002, -0.027100, -0.793893, -7.083970, 0.977099, opening
0.053467, 0.991699, -0.203613, -3.541985, -1.709924, 0.671756, opening
-0.020020, 1.034424, 0.070557, -6.595420, -4.763359, 0.732824, opening
0.040039, 1.010010, 0.014893, -4.396946, -5.862596, 0.549618, opening
0.068359, 0.937988, -0.293701, -5.312977, -2.564886, 0.793893, opening
-0.002930, 1.028076, 0.007812, -1.709924, -2.381679, 0.916031, opening
0.016602, 1.027588, 0.125244, 0.977099, -4.091603, 0.916031, opening
0.039062, 1.009277, -0.231934, -4.824428, -2.564886, 0.671756, opening
0.022461, 1.031006, -0.119629, -5.801527, -1.099237, 0.671756, opening
0.004883, 0.983398, 0.043945, -3.114504, -2.442748, 0.549618, opening
0.048584, 0.981934, -0.184326, -3.908397, -3.053435, 0.793893, opening
0.033447, 1.005371, -0.152832, -1.343511, -0.732824, 0.916031, opening
-0.006348, 1.026611, -0.017334, -0.427481, -1.526718, 0.854962, opening
0.044189, 1.036133, -0.126709, -4.335878, -3.114504, 0.549618, opening
0.031006, 0.997559, -0.185303, -5.557252, -0.977099, 0.610687, opening
0.022949, 0.994385, -0.091553, -3.725191, -1.099237, 0.610687, opening
0.028564, 0.994873, -0.046387, -2.503817, -2.687023, 0.793893, opening
0.031982, 1.011230, -0.182373, -2.259542, -1.526718, 0.977099, opening
0.026123, 1.015381, -0.130615, -1.160305, -0.610687, 0.793893, opening
0.020508, 1.017822, -0.013428, -3.725191, -1.770992, 0.671756, opening
0.032715, 1.015625, -0.157715, -5.129771, -1.587786, 0.854962, opening
0.019531, 1.006592, -0.115479, -3.419847, -0.610687, 0.916031, opening
0.019287, 1.005615, -0.124023, -3.297710, -0.488550, 0.793893, opening
0.020264, 1.015381, -0.112305, -3.297710, -0.732824, 0.793893, opening
0.021484, 1.008789, -0.109619, -3.297710, -0.671756, 0.732824, opening
0.019287, 1.009521, -0.117188, -3.358779, -0.610687, 0.854962, opening
0.021484, 1.011719, -0.125000, -3.358779, -0.488550, 0.732824, opening
0.021973, 1.005127, -0.117920, -3.297710, -0.732824, 0.732824, opening
0.024658, 1.009277, -0.139648, -3.419847, -0.732824, 0.916031, opening
0.026123, 1.010254, -0.110840, -3.419847, -0.671756, 0.793893, opening
0.018066, 1.012939, -0.125732, -3.358779, -0.427481, 0.854962, opening
0.020996, 1.007080, -0.121094, -3.053435, -0.427481, 0.854962, opening
0.018799, 1.005859, -0.111816, -3.175573, -0.671756, 0.610687, opening
0.030762, 1.010498, -0.123291, -3.358779, -0.549618, 0.854962, opening
0.020020, 1.008789, -0.122070, -3.358779, -0.671756, 0.671756, opening
0.018555, 1.008301, -0.124023, -3.419847, -0.488550, 0.671756, opening
0.016602, 1.009277, -0.126953, -3.236641, -0.732824, 0.732824, opening
0.023926, 1.013916, -0.115723, -3.297710, -0.610687, 0.732824, opening
0.018066, 1.013916, -0.119385, -3.358779, -0.549618, 0.732824, opening
0.019531, 1.009277, -0.122070, -3.480916, -0.732824, 0.916031, opening
0.018311, 1.007568, -0.113037, -3.175573, -0.671756, 0.732824, opening
0.013672, 1.013428, -0.111084, -3.114504, -0.793893, 0.732824, opening
0.017578, 1.007568, -0.113770, -3.358779, -0.671756, 0.977099, opening
0.017578, 1.010986, -0.119873, -3.297710, -0.427481, 0.732824, opening
0.027588, 1.001465, -0.115234, -3.114504, -0.610687, 0.854962, opening
0.023193, 1.007568, -0.127441, -3.297710, -0.305344, 0.793893, opening
0.015137, 1.010010, -0.117676, -3.175573, -0.610687, 0.854962, opening
0.014160, 1.002197, -0.122559, -3.297710, -0.549618, 0.793893, opening
0.012695, 1.006592, -0.120361, -3.053435, -0.671756, 0.732824, opening
0.017334, 1.002441, -0.117676, -3.236641, -0.549618, 0.671756, opening
0.025879, 1.008545, -0.113037, -3.297710, -0.610687, 0.793893, opening
0.020996, 1.016113, -0.107422, -3.175573, -0.488550, 0.732824, opening
0.019531, 1.005127, -0.115479, -2.992366, -0.610687, 0.977099, opening
0.115234, 1.017822, -0.159668, -3.541985, 0.732824, 0.732824, opening
0.061523, 1.022461, -0.221191, -3.114504, -0.793893, 0.793893, opening
-0.003418, 0.993896, -0.046875, -2.564886, -0.916031, 0.732824, opening
0.036377, 1.024414, -0.227051, -5.068702, -0.366412, 0.732824, opening
0.028076, 1.010010, -0.165527, -3.786260, -0.427481, 0.854962, opening
0.005859, 0.992676, -0.093506, -3.053435, -0.549618, 0.793893, opening
0.014160, 0.993408, -0.160889, -4.580153, -0.916031, 0.671756, opening
0.004150, 1.013672, -0.065186, -3.175573, -0.854962, 0.854962, opening
0.026367, 1.011475, -0.122314, -3.541985, -0.061069, 0.732824, opening
0.019287, 1.007324, -0.154785, -2.564886, -1.038168, 0.916031, opening
0.043213, 1.006104, -0.114990, -3.603053, 0.122137, 0.732824, opening
0.025879, 1.014893, -0.089844, -3.725191, -0.366412, 0.916031, opening
-0.063965, 0.995605, -0.033447, -3.114504, -0.549618, 0.854962, opening
0.019043, 0.999023, -0.104004, -3.175573, -0.549618, 0.916031, opening
0.019287, 1.010498, -0.078857, -3.419847, -0.122137, 0.610687, opening
0.015381, 1.009766, -0.138428, -3.725191, -0.122137, 0.671756, opening
0.007812, 0.956055, 0.148926, 0.610687, 0.122137, -0.305344, opening
0.012695, 1.053711, -0.103271, -3.053435, 0.305344, 0.488550, opening
0.029541, 1.008301, -0.180664, -3.664122, 0.732824, 0.793893, opening
0.026855, 1.053711, -0.064453, -5.984733, 3.541985, 0.366412, opening
0.034180, 0.988770, -0.146973, -7.633588, 3.236641, 0.671756, opening
-0.008545, 1.017334, -0.024170, -5.679389, 2.625954, 0.732824, opening
0.047607, 1.009277, -0.099365, -3.480916, 4.946565, 0.549618, opening
0.011230, 0.987305, -0.030762, -3.419847, 5.618320, 0.793893, opening
-0.006836, 1.068115, 0.090820, -5.557252, 4.519084, 1.038168, opening
0.030029, 0.987549, 0.005859, -7.328244, 6.412214, 0.793893, opening
0.031738, 0.975830, -0.047363, -5.435114, 7.938931, 1.099237, opening
0.016846, 1.030029, -0.052246, -4.641222, 7.938931, 0.549618, opening
0.019531, 0.989258, -0.000732, -3.053435, 8.488549, 0.854962, opening
0.020264, 1.021240, -0.113770, -3.603053, 10.015267, 0.854962, opening
0.026855, 1.020996, -0.056885, -4.335878, 9.893129, 0.854962, opening
0.018555, 1.004395, -0.063721, -5.129771, 10.259542, 0.732824, opening
0.023926, 1.016357, -0.108398, -4.824428, 11.297710, 0.793893, opening
0.013916, 1.020508, -0.066895, -3.053435, 11.725191, 0.610687, opening
0.030029, 1.001465, -0.074707, -2.992366, 11.725191, 0.854962, opening
0.031982, 1.018311, -0.102539, -3.358779, 12.152672, 1.038168, opening
0.021729, 1.010498, -0.075195, -3.786260, 12.641221, 0.732824, opening
0.021729, 1.001709, -0.097412, -3.175573, 12.641221, 0.977099, opening
0.023682, 1.008057, -0.073730, -3.480916, 13.007633, 0.793893, opening
0.018799, 0.995117, -0.072754, -2.259542, 13.740458, 0.549618, opening
0.016846, 1.021240, -0.092285, -1.893130, 14.045801, 0.854962, opening
0.021484, 1.019775, -0.066162, -2.564886, 14.106871, 0.854962, opening
0.030029, 0.987549, -0.046631, -2.992366, 14.961832, 0.916031, opening
0.028809, 1.013916, -0.047607, -2.259542, 15.755725, 0.916031, opening
0.023926, 1.009766, -0.029541, -1.404580, 16.183207, 0.916031, opening
0.030029, 1.001221, -0.031738, -0.793893, 17.282442, 0.916031, opening
0.023193, 1.010254, -0.024658, -1.038168, 18.198473, 0.854962, opening
0.028320, 1.009766, -0.018799, -2.076336, 18.870230, 0.732824, opening
0.022217, 1.002441, -0.022705, -2.564886, 19.908398, 0.793893, opening
0.029297, 1.011719, -0.012207, -2.870229, 20.396946, 0.854962, opening
0.030273, 1.002197, -0.000244, -2.687023, 21.251909, 0.793893, opening
0.029785, 1.007568, -0.018799, -2.320611, 22.229008, 0.916031, opening
0.036621, 1.011230, -0.008057, -2.687023, 23.267176, 0.671756, opening
0.022461, 1.008789, -0.010498, -3.053435, 24.183207, 0.549618, opening
0.035889, 1.013428, -0.014648, -3.175573, 25.038168, 0.793893, opening
0.026367, 1.011963, -0.001221, -3.236641, 26.259542, 0.732824, opening
0.042236, 1.007080, -0.006836, -2.931298, 27.236641, 0.610687, opening
0.036621, 1.008545, -0.008057, -2.625954, 28.030535, 0.610687, opening
0.032227, 1.005371, -0.020508, -2.687023, 29.007633, 0.671756, opening
0.041748, 1.012207, -0.013184, -3.114504, 29.862595, 0.732824, opening
0.036865, 1.008545, -0.012695, -3.175573, 30.717558, 0.549618, opening
0.046387, 1.003906, -0.023438, -3.175573, 31.755726, 0.732824, opening
0.044678, 1.001221, -0.020508, -2.687023, 32.427483, 0.427481, opening
0.050049, 1.003906, -0.019775, -2.809160, 33.282444, 0.793893, opening
0.052246, 1.009521, -0.039551, -3.114504, 34.076336, 0.793893, opening
0.081543, 1.008789, -0.063232, -3.175573, 34.931297, 0.549618, opening
0.052979, 1.013428, -0.052246, -3.480916, 35.358780, 0.671756, opening
0.050781, 1.013184, -0.066406, -3.236641, 35.969467, 0.549618, opening
0.054932, 1.013428, -0.052246, -2.870229, 36.580154, 0.488550, opening
0.052734, 1.010498, -0.063965, -3.053435, 37.190842, 0.732824, opening
0.055908, 1.008545, -0.070312, -3.236641, 37.374046, 0.671756, opening
0.061768, 1.009033, -0.059814, -3.419847, 38.045803, 0.610687, opening
0.055420, 1.009277, -0.068848, -3.358779, 38.412212, 0.671756, opening
0.062500, 1.013184, -0.070557, -3.358779, 38.778625, 0.549618, opening
0.056641, 1.004395, -0.071289, -3.053435, 39.022900, 0.671756, opening
0.067139, 1.002197, -0.073486, -3.236641, 39.389313, 0.488550, opening
0.065674, 1.015869, -0.079590, -3.358779, 39.511452, 0.610687, opening
0.064453, 1.009521, -0.096436, -3.603053, 40.000000, 0.671756, opening
0.062988, 1.010010, -0.089844, -3.419847, 40.183205, 0.671756, opening
0.067627, 1.010010, -0.090576, -3.175573, 40.427483, 0.488550, opening
0.066895, 1.006592, -0.094727, -3.358779, 40.549618, 0.610687, opening
0.066406, 1.017578, -0.089355, -3.175573, 40.732826, 0.610687, opening
0.062256, 1.013428, -0.093262, -3.480916, 41.099236, 0.610687, opening
0.066895, 1.007324, -0.079590, -3.541985, 41.160305, 0.671756, opening
0.061768, 1.009521, -0.087891, -3.358779, 41.343513, 0.671756, opening
0.061768, 1.009766, -0.082031, -3.114504, 41.770992, 0.488550, opening
0.072754, 1.007812, -0.097168, -3.053435, 42.015266, 0.671756, opening
0.075684, 1.008789, -0.099365, -3.480916, 42.320610, 0.549618, opening
0.061279, 1.011719, -0.041504, -2.870229, 42.625954, 0.732824, opening
0.067383, 1.006836, -0.106445, -3.419847, 42.748093, 0.549618, opening
0.065674, 1.007324, -0.087646, -2.870229, 42.870228, 0.488550, opening
0.061035, 1.005615, -0.095215, -2.992366, 43.114506, 0.427481, opening
0.071289, 1.004395, -0.092529, -3.053435, 43.297710, 0.671756, opening
0.074219, 1.010010, -0.097168, -3.114504, 43.419846, 0.488550, opening
0.083008, 1.008789, -0.108154, -3.175573, 43.541985, 0.549618, opening
0.067627, 1.009033, -0.098877, -3.236641, 43.725189, 0.732824, opening
0.104248, 1.012695, -0.126221, -3.114504, 44.030533, 0.488550, opening
0.090088, 0.995361, -0.106934, -2.992366, 44.213741, 0.671756, opening
0.075928, 0.971191, -0.074951, -1.587786, 43.908398, 0.854962, opening
0.076172, 1.000732, -0.109375, -3.053435, 44.091602, 0.549618, opening
0.071045, 1.009033, -0.080566, -3.114504, 44.213741, 0.610687, opening
0.071777, 1.006348, -0.113037, -3.725191, 44.396946, 0.549618, opening
0.074219, 1.010498, -0.086914, -3.480916, 44.519085, 0.305344, opening
0.073486, 1.011963, -0.098145, -2.992366, 44.702290, 0.671756, opening
0.090088, 1.011719, -0.085693, -2.442748, 45.251907, 0.488550, opening
0.063965, 0.996094, -0.083496, -2.748092, 45.007633, 0.549618, opening
0.063477, 1.006104, -0.083252, -2.564886, 44.763359, 0.488550, opening
0.089600, 1.014404, -0.122314, -2.992366, 45.312977, 0.549618, opening
0.077881, 0.998047, -0.105469, -2.809160, 45.496181, 0.488550, opening
0.076660, 1.021729, -0.101807, -2.625954, 45.312977, 0.610687, opening
0.072510, 1.003174, -0.130371, -3.419847, 45.312977, 0.427481, opening
0.080078, 1.014648, -0.109131, -2.564886, 45.923664, 0.427481, opening
0.071533, 1.010010, -0.096436, -2.992366, 45.435116, 0.549618, opening
0.069824, 1.010010, -0.117920, -3.236641, 45.312977, 0.549618, opening
0.078857, 1.010986, -0.098877, -3.419847, 45.557251, 0.549618, opening
0.081299, 0.998047, -0.117432, -3.175573, 45.618320, 0.610687, opening
0.082520, 1.021729, -0.122559, -3.358779, 45.435116, 0.732824, opening
0.074951, 1.006592, -0.118652, -3.419847, 45.312977, 0.427481, opening
0.071045, 1.007324, -0.115723, -3.908397, 45.312977, 0.610687, opening
0.076660, 1.010254, -0.127686, -4.152672, 45.190842, 0.305344, opening
0.079346, 1.005127, -0.138184, -3.480916, 45.190842, 0.366412, opening
0.075195, 1.011230, -0.121826, -3.786260, 45.068703, 0.366412, opening
0.083252, 1.009766, -0.173584, -4.152672, 45.007633, 0.366412, opening
0.077637, 1.019043, -0.106201, -3.603053, 44.274811, 0.671756, opening
0.068848, 1.002930, -0.128174, -3.786260, 44.763359, 0.488550, opening
0.084473, 1.006104, -0.154053, -3.664122, 44.641220, 0.610687, opening
0.065674, 1.008545, -0.106934, -3.358779, 44.458015, 0.549618, opening
0.076416, 0.998291, -0.140625, -3.236641, 44.580154, 0.366412, opening
0.078369, 1.010498, -0.154297, -3.725191, 44.152672, 0.610687, opening
0.079590, 1.005615, -0.109131, -3.664122, 44.152672, 0.488550, opening
0.076416, 1.007324, -0.131348, -3.480916, 43.969467, 0.488550, opening
0.083984, 1.007080, -0.139160, -3.480916, 43.847328, 0.549618, opening
0.078369, 1.009521, -0.128174, -3.236641, 43.664124, 0.671756, opening
0.077148, 1.013428, -0.124512, -2.809160, 43.664124, 0.671756, opening
0.079590, 1.003906, -0.134521, -2.503817, 43.419846, 0.732824, opening
0.068604, 1.013184, -0.118896, -2.748092, 43.358780, 0.549618, opening
0.069336, 1.014648, -0.132080, -2.625954, 43.236641, 0.610687, opening
0.074219, 1.010010, -0.136475, -2.320611, 43.053436, 0.610687, opening
0.069824, 1.005371, -0.132568, -2.442748, 42.809162, 0.610687, opening
0.073975, 1.008301, -0.136719, -2.748092, 42.870228, 0.427481, opening
0.078369, 1.010010, -0.133789, -2.870229, 42.625954, 0.488550, opening
0.072754, 1.010254, -0.139404, -2.931298, 42.320610, 0.488550, opening
0.073975, 1.001953, -0.137207, -2.564886, 42.320610, 0.549618, opening
0.123535, 0.934570, -0.108643, -6.839694, 41.099236, 1.343511, opening
0.044922, 1.033447, -0.123047, -4.213740, 41.893131, 0.427481, opening
0.062256, 1.016846, -0.148438, -0.061069, 42.076336, 0.488550, opening
0.070557, 1.024170, -0.167969, -2.564886, 41.648853, 0.549618, opening
0.071289, 1.010986, -0.129883, -4.213740, 41.343513, 0.244275, opening
0.068115, 1.011230, -0.139404, -4.396946, 41.038170, 0.671756, opening
0.069824, 1.004395, -0.136230, -3.358779, 40.977100, 0.488550, opening
0.069580, 1.007324, -0.132568, -3.847328, 40.793892, 0.671756, opening
0.074219, 1.003418, -0.134277, -4.763359, 40.671757, 0.549618, opening
0.062500, 1.007568, -0.141602, -4.274809, 40.549618, 0.610687, opening
0.076660, 1.009277, -0.135010, -2.809160, 40.610687, 0.610687, opening
0.070068, 1.014404, -0.140869, -3.358779, 40.427483, 0.610687, opening
0.062256, 1.001709, -0.135010, -3.480916, 40.122139, 0.610687, opening
0.063721, 1.007812, -0.140137, -3.114504, 40.000000, 0.488550, opening
0.057373, 1.011230, -0.147217, -3.419847, 39.328243, 0.854962, opening
0.053223, 1.008545, -0.123779, -2.870229, 39.633587, 0.488550, opening
0.065674, 1.014404, -0.127930, -2.564886, 39.389313, 0.488550, opening
0.071289, 1.002686, -0.128418, -2.870229, 39.328243, 0.549618, opening
0.065918, 1.007324, -0.154297, -3.053435, 39.206108, 0.488550, opening
0.067871, 1.005859, -0.134766, -3.358779, 39.267178, 0.488550, opening
0.065186, 1.012939, -0.136475, -3.541985, 38.839695, 0.549618, opening
0.069824, 1.005371, -0.131348, -3.480916, 38.473282, 0.610687, opening
0.062500, 1.011719, -0.142090, -3.664122, 38.534351, 0.549618, opening
0.071533, 1.006836, -0.126953, -3.419847, 38.351147, 0.671756, opening
0.065430, 1.007568, -0.126221, -3.297710, 38.412212, 0.549618, opening
0.067627, 1.010986, -0.138428, -3.175573, 38.167938, 0.610687, opening
0.058594, 1.007324, -0.128174, -2.992366, 38.045803, 0.793893, opening
0.064453, 1.012451, -0.130859, -2.870229, 37.679390, 0.549618, opening
0.060059, 1.003662, -0.141357, -2.748092, 37.679390, 0.671756, opening
0.064453, 1.007812, -0.135254, -2.931298, 37.496181, 0.549618, opening
0.060303, 1.014404, -0.144775, -3.236641, 37.374046, 0.488550, opening
0.064209, 1.010742, -0.146240, -3.236641, 37.129772, 0.549618, opening
0.061768, 1.015137, -0.140869, -3.114504, 37.190842, 0.549618, opening
0.058594, 1.006348, -0.125977, -3.114504, 36.763359, 0.427481, opening
0.062256, 1.006836, -0.144287, -2.809160, 36.946564, 0.549618, opening
0.063232, 1.000000, -0.120117, -3.053435, 36.641220, 0.610687, opening
0.056885, 1.009766, -0.129150, -3.358779, 36.458015, 0.610687, opening
0.058838, 1.016846, -0.147705, -2.809160, 36.274811, 0.488550, opening
0.065186, 0.998779, -0.127930, -3.053435, 35.969467, 0.549618, opening
0.064453, 1.014893, -0.164062, -2.748092, 35.664124, 0.488550, opening
0.051514, 1.019043, -0.143066, -3.603053, 35.541985, 0.671756, opening
0.061035, 1.022461, -0.163818, -3.541985, 35.358780, 0.610687, opening
0.054932, 1.010254, -0.168945, -3.175573, 35.114506, 0.488550, opening
0.058350, 0.997559, -0.142578, -2.809160, 34.564884, 0.732824, opening
0.059082, 1.010742, -0.151855, -3.114504, 34.320610, 0.549618, opening
0.057129, 1.010254, -0.162109, -3.053435, 33.832062, 0.427481, opening
0.060059, 1.002441, -0.160645, -3.358779, 33.343510, 0.671756, opening
0.054443, 1.005615, -0.166260, -3.480916, 32.977100, 0.488550, opening
0.063477, 1.002686, -0.171387, -3.419847, 32.488548, 0.610687, opening
0.054688, 1.010254, -0.168457, -3.969466, 32.061069, 0.610687, opening
0.061279, 1.004395, -0.186035, -2.931298, 31.572519, 0.732824, opening
0.052002, 1.012695, -0.203613, -4.030534, 30.656488, 0.488550, opening
0.053711, 1.015625, -0.200439, -4.213740, 30.167938, 0.610687, opening
0.018066, 1.010742, -0.116455, -3.114504, -0.549618, 0.732824, opening
0.021240, 1.012451, -0.118652, -3.114504, -0.488550, 0.732824, opening
0.020996, 1.003174, -0.111084, -3.175573, -0.427481, 0.916031, opening
0.021973, 1.012451, -0.122314, -3.358779, -0.732824, 0.916031, opening
0.024658, 1.006836, -0.107178, -3.297710, -0.671756, 0.854962, opening
0.024658, 1.011475, -0.121338, -3.236641, -0.793893, 0.854962, opening
0.022217, 1.010498, -0.112549, -3.358779, -0.488550, 0.793893, opening
0.022949, 1.011230, -0.117432, -3.297710, -0.732824, 0.671756, opening
0.014160, 1.009033, -0.114502, -3.297710, -0.671756, 0.854962, opening
0.020752, 1.011719, -0.126221, -3.297710, -0.305344, 0.916031, opening
0.019287, 1.013428, -0.123047, -3.053435, -0.610687, 0.610687, opening
0.022705, 1.007324, -0.116455, -3.175573, -0.671756, 0.671756, opening
0.021484, 1.012207, -0.119873, -3.236641, -0.366412, 0.793893, opening
0.019287, 1.010254, -0.115723, -3.236641, -0.732824, 0.793893, opening
0.023926, 1.008057, -0.115967, -3.236641, -0.549618, 0.793893, opening
0.016357, 1.009521, -0.123047, -3.175573, -0.488550, 0.732824, opening
0.019531, 1.003418, -0.118896, -3.297710, -0.732824, 0.732824, opening
0.020508, 1.012939, -0.116699, -3.236641, -0.610687, 0.610687, opening
0.024414, 1.003906, -0.109375, -3.175573, -0.488550, 0.793893, opening
0.013184, 1.009521, -0.117920, -3.297710, -0.610687, 0.671756, opening
0.026855, 1.008301, -0.111572, -3.114504, -0.671756, 0.854962, opening
0.017334, 1.010498, -0.115479, -3.358779, -0.671756, 0.793893, opening
0.024902, 1.011719, -0.117676, -3.175573, -0.732824, 0.916031, opening
0.026367, 1.005615, -0.118896, -3.297710, -0.732824, 0.916031, opening
0.019043, 1.006592, -0.113281, -3.236641, -0.793893, 0.671756, opening
0.020752, 1.012207, -0.119629, -3.358779, -0.549618, 0.732824, opening
0.016602, 1.007812, -0.119385, -3.175573, -0.732824, 0.732824, opening
0.023438, 1.003906, -0.118652, -3.114504, -0.671756, 0.916031, opening
0.021729, 1.009277, -0.115234, -3.175573, -0.488550, 0.793893, opening
0.023193, 1.007080, -0.113281, -3.236641, -0.732824, 0.732824, opening
0.020752, 1.004395, -0.117432, -3.053435, -0.549618, 0.793893, opening
0.019043, 1.007812, -0.120850, -3.358779, -0.488550, 0.732824, opening
0.020996, 1.009033, -0.116699, -3.175573, -0.610687, 0.916031, opening
0.022705, 1.009277, -0.122559, -3.480916, -0.610687, 0.732824, opening
0.021729, 1.002197, -0.120117, -3.175573, -0.549618, 0.854962, opening
0.018799, 1.003662, -0.122070, -3.297710, -0.671756, 0.916031, opening
0.021240, 1.011230, -0.117432, -3.297710, -0.549618, 0.671756, opening
0.027100, 1.011230, -0.118896, -3.114504, -0.732824, 0.793893, opening
0.017578, 1.000244, -0.119385, -3.175573, -0.732824, 0.793893, opening
0.021240, 1.005371, -0.092773, -2.992366, -0.671756, 0.793893, opening
0.018311, 1.002686, -0.110596, -3.419847, -0.549618, 0.916031, opening
0.020752, 1.005859, -0.126221, -3.175573, -0.549618, 0.732824, opening
0.014893, 1.012207, -0.110352, -3.419847, -0.549618, 0.671756, opening
0.025391, 1.006592, -0.124023, -3.236641, -0.610687, 0.671756, opening
0.023682, 1.006836, -0.134033, -3.419847, -0.549618, 0.793893, opening
0.023926, 1.007568, -0.116943, -3.419847, -0.671756, 0.793893, opening
0.001953, 1.002441, -0.079102, -2.748092, -1.160305, 0.916031, opening
0.015869, 1.008057, -0.108887, -2.870229, -0.549618, 0.793893, opening
0.022461, 1.011719, -0.145264, -3.358779, -1.038168, 0.671756, opening
0.026611, 1.011475, -0.124512, -3.297710, -0.549618, 0.793893, opening
0.000732, 1.013428, -0.001221, -2.015267, -0.854962, 0.793893, opening
-0.012695, 1.005127, -0.055420, -1.832061, -1.587786, 0.854962, opening
-0.002441, 1.022949, -0.147217, -2.992366, -0.916031, 0.732824, opening
0.034668, 1.023926, -0.147949, -2.809160, -0.488550, 0.732824, opening
0.041260, 0.986328, -0.064941, -3.786260, 0.610687, 0.671756, opening
0.077148, 1.026855, -0.116943, -3.297710, -0.061069, 0.671756, opening
0.000488, 1.024414, -0.199951, -4.396946, -0.916031, 0.610687, opening
0.026123, 1.025879, -0.066406, -2.503817, 1.954198, 0.671756, opening
0.014160, 1.005859, -0.087646, -2.870229, -1.160305, 0.793893, opening
0.029785, 1.033447, -0.032471, -3.175573, 0.366412, 0.671756, opening
0.044678, 1.020020, -0.083984, -5.007634, 0.854962, 0.610687, opening
-0.135742, 1.025146, 0.363770, 11.297710, 6.412214, 0.671756, opening
0.717285, 1.112305, -0.293213, 0.793893, 16.977098, 1.282443, opening
-0.066406, 1.014404, 0.270264, 2.625954, 5.312977, 1.160305, opening
0.114990, 1.068359, -0.249756, -4.580153, 10.503817, 0.427481, opening
0.152832, 0.904053, -0.140625, -7.083970, 9.343512, 0.549618, opening
-0.029785, 1.058105, 0.230957, -7.694656, 7.389313, 0.916031, opening
0.069824, 0.990967, 0.086426, -4.580153, 13.435115, 0.488550, opening
0.037598, 0.967529, 0.087891, -1.404580, 14.595420, 0.854962, opening
0.018066, 1.058350, 0.142578, -2.809160, 16.061069, 0.854962, opening
-0.005615, 1.019287, 0.107910, -1.893130, 18.809160, 0.671756, opening
0.038330, 0.989014, 0.026367, -3.114504, 21.312977, 0.732824, opening
0.033203, 1.014404, -0.035889, -5.618320, 21.557253, 0.610687, opening
0.049561, 0.988525, -0.105713, -4.763359, 21.312977, 0.916031, opening
0.026367, 1.027100, -0.105469, -1.954198, 23.022902, 0.854962, opening
0.038330, 1.015137, -0.091064, -2.320611, 22.717558, 0.732824, opening
0.028809, 1.011475, -0.151611, -4.213740, 22.534351, 0.671756, opening
0.039551, 1.013184, -0.118896, -4.274809, 23.206106, 0.610687, opening
0.020996, 1.005859, -0.053955, -3.297710, 23.694656, 0.793893, opening
0.041748, 0.987061, -0.041260, -2.320611, 23.267176, 0.854962, opening
0.031982, 1.014404, -0.030518, -2.320611, 24.488550, 0.977099, opening
0.038086, 1.017090, 0.066406, -1.770992, 26.015266, 0.793893, opening
0.027344, 1.008057, 0.086426, -2.687023, 27.480917, 0.671756, opening
0.038818, 1.008789, 0.097900, -3.725191, 29.496183, 0.793893, opening
0.028076, 1.000732, 0.115234, -2.992366, 32.061069, 0.671756, opening
0.038574, 0.995850, 0.108154, -1.954198, 33.893131, 0.732824, opening
0.056396, 1.013916, 0.074707, -2.198473, 35.175571, 0.488550, opening
0.050537, 1.012939, 0.059814, -2.564886, 37.312977, 0.427481, opening
0.044678, 1.008545, 0.023926, -3.236641, 38.167938, 0.610687, opening
0.058838, 1.005371, 0.034668, -4.091603, 38.900764, 0.488550, opening
0.063965, 0.998535, -0.020020, -3.358779, 40.793892, 0.610687, opening
0.066895, 1.002686, 0.000244, -2.809160, 41.770992, 0.549618, opening
0.065186, 1.009277, 0.024658, -2.687023, 42.198475, 0.610687, opening
0.060791, 1.009277, -0.036621, -3.175573, 43.419846, 0.488550, opening
0.076172, 1.021484, -0.083740, -3.541985, 44.030533, 0.671756, opening
0.068115, 1.002441, 0.007568, -3.541985, 45.068703, 0.427481, opening
0.073730, 1.003418, -0.084717, -3.480916, 45.312977, 0.610687, opening
0.074219, 1.015381, -0.068115, -2.870229, 45.862595, 0.427481, opening
0.065186, 1.010498, -0.031982, -2.748092, 45.923664, 0.793893, opening
0.082031, 1.008789, -0.087402, -3.297710, 46.656490, 0.549618, opening
0.087891, 1.003174, -0.084961, -3.603053, 47.145039, 0.549618, opening
0.087646, 0.999023, -0.072510, -4.091603, 47.633587, 0.671756, opening
0.081543, 1.000732, -0.066650, -2.870229, 47.877861, 0.793893, opening
0.111084, 1.010254, -0.087402, -2.870229, 48.916031, 0.610687, opening
0.053955, 0.993896, 0.041992, -2.381679, 48.916031, 0.488550, opening
0.067139, 0.985840, -0.044189, -3.419847, 49.343513, 0.549618, opening
0.116211, 1.009033, -0.130371, -4.458015, 49.343513, 0.610687, opening
0.073486, 1.008057, -0.010010, -3.786260, 50.198475, 0.549618, opening
0.146729, 1.007568, -0.118408, -2.198473, 51.603054, 0.305344, opening
0.079834, 1.002930, -0.080811, -2.809160, 49.709923, 0.854962, opening
0.064453, 1.018555, -0.025879, -3.664122, 51.725189, 0.549618, opening
0.053711, 1.030762, -0.041992, -2.625954, 52.335876, 0.366412, opening
0.092773, 1.023438, -0.061768, -2.259542, 51.297710, 0.244275, opening
0.086670, 0.992676, -0.061279, -1.709924, 53.007633, 0.671756, opening
0.093018, 1.029053, -0.145020, -2.381679, 52.702290, 0.671756, opening
0.107910, 1.016846, -0.069824, -2.992366, 53.618320, 0.427481, opening
0.091553, 1.004639, -0.040283, -3.114504, 54.167938, 0.732824, opening
0.114014, 1.013428, -0.132080, -4.335878, 54.473282, 0.549618, opening
0.113037, 1.006592, -0.100342, -4.335878, 55.267178, 0.488550, opening
0.105957, 1.009521, -0.102783, -3.297710, 54.900764, 0.671756, opening
0.102051, 0.996338, -0.125977, -2.931298, 55.145039, 0.610687, opening
0.101562, 1.002197, -0.094727, -2.992366, 54.900764, 0.671756, opening
0.096436, 1.009766, -0.117188, -4.030534, 54.778625, 0.610687, opening
0.108398, 1.007324, -0.135498, -3.908397, 54.778625, 0.488550, opening
0.099121, 1.002686, -0.072021, -3.480916, 55.389313, 0.549618, opening
0.105225, 1.009521, -0.106689, -3.541985, 55.022900, 0.488550, opening
0.105957, 1.011719, -0.116211, -3.358779, 55.328243, 0.488550, opening
0.106689, 1.007080, -0.085938, -3.175573, 55.633587, 0.610687, opening
0.107910, 1.003418, -0.114502, -3.786260, 55.511452, 0.488550, opening
0.103760, 1.010010, -0.116943, -3.480916, 55.450382, 0.610687, opening
0.104492, 1.007568, -0.092285, -3.236641, 55.877861, 0.305344, opening
0.103760, 1.005127, -0.103271, -3.175573, 55.694656, 0.610687, opening
0.105469, 1.009521, -0.112793, -2.931298, 55.633587, 0.610687, opening
0.101074, 1.012451, -0.104980, -3.175573, 55.755726, 0.671756, opening
0.105225, 1.005127, -0.113281, -3.297710, 56.122139, 0.671756, opening
0.101807, 1.006348, -0.109131, -3.480916, 55.877861, 0.549618, opening
0.105225, 1.005615, -0.112793, -3.358779, 55.938931, 0.732824, opening
0.102539, 1.031250, -0.146240, -3.908397, 56.122139, 0.732824, opening
0.094482, 0.998779, -0.100830, -1.404580, 55.633587, 0.793893, opening
0.110840, 1.005859, -0.139404, -3.664122, 55.572517, 0.610687, opening
0.104492, 1.006104, -0.127197, -2.625954, 55.572517, 0.549618, opening
0.091064, 1.019287, -0.164062, -3.847328, 55.633587, 0.427481, opening
0.105225, 1.009521, -0.126221, -4.519084, 54.595421, 0.549618, opening
0.094971, 1.008789, -0.141846, -3.175573, 55.083969, 0.610687, opening
0.104248, 1.004883, -0.147705, -2.870229, 54.717556, 0.671756, opening
0.099121, 1.010010, -0.133301, -3.480916, 54.290077, 0.732824, opening
0.097656, 1.011719, -0.146484, -1.893130, 54.412212, 0.610687, opening
0.105713, 1.007812, -0.142822, -2.809160, 54.106869, 0.610687, opening
0.107910, 1.008789, -0.140381, -2.381679, 53.801525, 0.549618, opening
0.094482, 1.007080, -0.140625, -3.541985, 53.374046, 0.366412, opening
0.096924, 1.006592, -0.142334, -2.992366, 53.312977, 0.549618, opening
0.098877, 1.010010, -0.138916, -3.725191, 52.946564, 0.488550, opening
0.098633, 1.004395, -0.143555, -3.847328, 52.641220, 0.488550, opening
0.095459, 1.006348, -0.142578, -3.114504, 52.458015, 0.610687, opening
0.094238, 1.009033, -0.142822, -3.603053, 52.458015, 0.732824, opening
0.093506, 1.010010, -0.141602, -3.541985, 52.091602, 0.854962, opening
0.100342, 1.006592, -0.145264, -3.969466, 51.786259, 0.610687, opening
0.087402, 1.009277, -0.136719, -4.030534, 51.603054, 0.488550, opening
0.092773, 1.009033, -0.135254, -3.725191, 51.236641, 0.549618, opening
0.089355, 1.002686, -0.137207, -3.847328, 51.114506, 0.549618, opening
0.099365, 1.007568, -0.131348, -3.480916, 50.687023, 0.671756, opening
0.092773, 1.004395, -0.145996, -3.786260, 50.748093, 0.549618, opening
0.098877, 1.009277, -0.136230, -3.969466, 50.442749, 0.549618, opening
0.098145, 1.005371, -0.141357, -4.335878, 50.259541, 0.549618, opening
0.092529, 1.010742, -0.139893, -3.847328, 50.015266, 0.549618, opening
0.093994, 1.006836, -0.131104, -3.664122, 49.832062, 0.610687, opening
0.089355, 1.010254, -0.129150, -3.419847, 49.465649, 0.732824, opening
0.095947, 1.010498, -0.146973, -2.992366, 49.282444, 0.610687, opening
0.090820, 1.007080, -0.133545, -2.931298, 49.160305, 0.793893, opening
0.089844, 1.008301, -0.132812, -2.992366, 48.916031, 0.549618, opening
0.096436, 1.011719, -0.141113, -2.992366, 48.732826, 0.366412, opening
0.089600, 1.002197, -0.135986, -2.625954, 48.488548, 0.671756, opening
0.083008, 1.006104, -0.132080, -2.320611, 48.427483, 0.488550, opening
0.092773, 1.010986, -0.145020, -2.015267, 48.183205, 0.549618, opening
0.083740, 1.006348, -0.135254, -2.564886, 47.938931, 0.549618, opening
0.087158, 1.007080, -0.135498, -2.564886, 47.511452, 0.671756, opening
0.085205, 1.006836, -0.137939, -2.442748, 47.572517, 0.549618, opening
0.084961, 1.004883, -0.123535, -2.320611, 47.267178, 0.854962, opening
0.133057, 1.071045, -0.243408, -1.038168, 47.450382, -0.671756, opening
0.088867, 0.978516, -0.101318, -0.671756, 46.045803, 0.732824, opening
0.104492, 1.031250, -0.160400, -0.183206, 47.022900, 0.732824, opening
0.080566, 0.994141, -0.136475, -1.343511, 46.656490, 0.305344, opening
0.076660, 1.005371, -0.131348, -1.709924, 45.801525, 0.488550, opening
0.081543, 1.001221, -0.168945, -3.297710, 46.045803, 0.305344, opening
0.078369, 1.009521, -0.148682, -3.847328, 45.190842, 0.549618, opening
0.087158, 1.012451, -0.158203, -4.152672, 45.007633, 0.488550, opening
0.084473, 0.997559, -0.147705, -3.969466, 44.702290, 0.549618, opening
0.085205, 1.014160, -0.156250, -3.969466, 44.335876, 0.549618, opening
0.073486, 1.000244, -0.179932, -4.030534, 43.541985, 0.732824, opening
0.082031, 1.011230, -0.185303, -3.786260, 43.053436, 0.549618, opening
0.078857, 1.008057, -0.197754, -3.847328, 42.503819, 0.549618, opening
0.078369, 1.010498, -0.215820, -3.480916, 41.709923, 0.488550, opening
0.076904, 1.005615, -0.213135, -3.419847, 40.793892, 0.854962, opening
0.072998, 1.015869, -0.233398, -3.419847, 39.816795, 0.671756, opening
0.077881, 1.002197, -0.254883, -2.992366, 38.717556, 0.916031, opening
0.069336, 1.028076, -0.260498, -3.786260, 37.557251, 0.610687, opening
0.069580, 1.006104, -0.282227, -3.541985, 35.786259, 0.610687, opening
0.063721, 1.009766, -0.313721, -2.503817, 34.381680, 0.732824, opening
0.067627, 1.011230, -0.289795, -2.687023, 33.099236, 0.610687, opening
0.058105, 1.006104, -0.294678, -3.541985, 31.206106, 0.610687, opening
0.056396, 1.005127, -0.297852, -3.725191, 29.557253, 0.488550, opening
0.060547, 1.008789, -0.273438, -3.603053, 27.908398, 0.671756, opening
0.049561, 1.009521, -0.300049, -2.870229, 26.687023, 0.610687, opening
0.047852, 1.009277, -0.288574, -3.664122, 24.977098, 0.732824, opening
0.048828, 1.000488, -0.276123, -3.297710, 23.389313, 0.671756, opening
0.048828, 1.008545, -0.285889, -3.786260, 22.045801, 0.793893, opening
0.046387, 0.995850, -0.275879, -3.114504, 20.641222, 0.732824, opening
0.041016, 1.007080, -0.263184, -2.870229, 19.175573, 0.977099, opening
0.043701, 1.005615, -0.258545, -2.992366, 17.954199, 0.671756, opening
0.040771, 1.002197, -0.243652, -2.687023, 16.610687, 0.732824, opening
0.039795, 0.993408, -0.214111, -2.015267, 15.816794, 0.854962, opening
0.034180, 1.014893, -0.224854, -3.419847, 14.717557, 0.671756, opening
0.032471, 0.998291, -0.200439, -2.992366, 13.801527, 0.732824, opening
0.026611, 1.015381, -0.210938, -3.419847, 13.190840, 0.732824, opening
0.033203, 1.017090, -0.213379, -3.297710, 12.213740, 0.916031, opening
0.031006, 1.014893, -0.182861, -3.541985, 11.664123, 0.732824, opening
0.036377, 1.003662, -0.197754, -2.320611, 10.870229, 0.732824, opening
0.031738, 1.005371, -0.194336, -2.320611, 10.137404, 0.793893, opening
0.034668, 1.004150, -0.174805, -2.503817, 9.587787, 0.671756, opening
0.030029, 1.010986, -0.165527, -2.748092, 8.732824, 0.610687, opening
0.029053, 0.997070, -0.166016, -1.954198, 8.671756, 0.671756, opening
0.030518, 1.013428, -0.151123, -2.992366, 8.183207, 0.732824, opening
0.029297, 1.012451, -0.161865, -3.236641, 7.633588, 0.916031, opening
0.030029, 1.014404, -0.159912, -2.687023, 7.511450, 0.732824, opening
0.031494, 1.003906, -0.146240, -2.931298, 6.961832, 0.854962, opening
0.023926, 1.007568, -0.162109, -3.297710, 6.717557, 0.916031, opening
0.030518, 1.004395, -0.176758, -2.992366, 6.290076, 0.854962, opening
0.032471, 1.005371, -0.148926, -2.442748, 6.167939, 0.854962, opening
0.014893, 1.008789, -0.107422, -3.358779, -0.732824, 0.977099, opening
0.022217, 1.010010, -0.126709, -3.236641, -0.610687, 0.732824, opening
0.025879, 1.011963, -0.101562, -3.053435, -0.732824, 0.610687, opening
0.025879, 1.010986, -0.126465, -3.175573, -0.854962, 0.732824, opening
-0.024658, 0.976562, 0.227051, -0.122137, -1.038168, 0.671756, opening
0.116699, 1.002441, -0.260986, -4.824428, 0.671756, 0.610687, opening
0.020752, 1.086914, -0.025146, -1.404580, -4.519084, 1.404580, opening
-0.281006, 0.904053, 0.049805, -6.106870, -4.519084, 0.977099, opening
0.004395, 1.108887, 0.137939, -1.648855, 3.114504, 0.977099, opening
-0.004639, 0.985840, 0.078857, -2.137405, 3.725191, 0.732824, opening
0.036133, 0.997070, 0.092041, -4.458015, 5.007634, 0.916031, opening
-0.274170, 1.027588, 0.266846, -6.106870, 8.488549, -0.671756, opening
0.726807, 0.849609, 0.406738, 7.633588, -1.709924, 1.221374, opening
0.175537, 1.015625, 0.361328, 9.526717, 13.923664, 0.977099, opening
0.293213, 0.927490, -0.173828, -5.496183, 15.267176, 0.488550, opening
-0.087891, 0.994629, 0.057129, -5.679389, 13.007633, 1.038168, opening
-0.028320, 1.134766, -0.044434, -3.541985, 12.763359, 0.732824, opening
0.050781, 0.952881, 0.316162, -2.076336, 16.671755, 0.427481, opening
0.024414, 1.040039, -0.072998, -6.839694, 17.221375, 0.793893, opening
0.012451, 1.026855, 0.003662, -4.274809, 19.236641, 0.671756, opening
-0.017334, 1.011230, 0.105225, 0.061069, 21.557253, 0.732824, opening
0.050537, 1.010742, -0.096680, -1.893130, 21.984734, 0.732824, opening
0.064941, 1.005615, -0.138916, -4.458015, 21.557253, 0.610687, opening
0.024414, 1.000244, -0.169189, -5.679389, 21.374046, 0.671756, opening
0.015381, 1.011230, -0.097656, -3.480916, 21.557253, 0.671756, opening
0.026123, 1.006348, -0.077393, -2.442748, 21.435114, 0.671756, opening
0.028320, 1.002930, -0.063477, -2.687023, 21.984734, 0.854962, opening
0.025391, 1.017090, -0.028564, -2.564886, 23.022902, 0.793893, opening
0.028564, 1.011230, 0.024658, -2.809160, 23.816793, 0.488550, opening
0.034424, 1.002930, 0.066895, -3.847328, 24.977098, 0.610687, opening
0.042725, 1.012939, 0.061523, -3.297710, 26.809160, 0.671756, opening
0.033691, 0.999756, 0.151367, -1.648855, 28.885496, 0.671756, opening
0.039795, 1.003174, 0.110352, -2.198473, 31.022902, 0.610687, opening
0.039307, 1.017090, 0.087158, -2.748092, 33.038170, 0.671756, opening
0.041016, 1.001709, 0.109863, -2.625954, 35.053436, 0.732824, opening
0.061523, 1.008057, 0.083252, -2.809160, 36.641220, 0.610687, opening
0.058838, 1.006836, 0.030762, -2.870229, 38.167938, 0.488550, opening
0.063965, 1.000000, 0.075684, -2.381679, 39.877861, 0.610687, opening
0.063721, 1.008545, 0.020996, -2.809160, 41.038170, 0.549618, opening
0.059326, 1.010498, 0.016602, -3.053435, 42.259541, 0.549618, opening
0.072021, 1.012939, 0.028809, -3.114504, 43.603054, 0.549618, opening
0.070801, 1.007324, 0.025879, -3.297710, 44.824429, 0.427481, opening
0.084229, 1.000732, -0.001709, -3.236641, 45.801525, 0.549618, opening
0.050293, 1.021484, -0.059814, -3.175573, 46.106869, 0.610687, opening
0.065186, 1.011719, -0.023438, -3.114504, 47.572517, 0.671756, opening
0.141846, 1.035156, -0.198486, -4.824428, 48.977100, 0.427481, opening
0.103516, 1.017822, -0.087402, -3.480916, 48.977100, 0.427481, opening
0.093262, 1.005859, -0.066650, -3.664122, 49.404579, 0.305344, opening
0.104980, 1.011719, -0.098145, -3.480916, 49.832062, 0.610687, opening
0.094238, 1.043213, -0.136963, -4.396946, 49.893131, 1.038168, opening
0.036377, 1.043213, -0.061768, -3.419847, 49.893131, 0.427481, opening
0.101807, 1.020752, -0.118408, -1.832061, 50.687023, 0.549618, opening
0.081055, 1.000732, -0.059570, -3.114504, 50.748093, 0.488550, opening
0.096924, 1.000000, -0.101562, -4.152672, 51.114506, 0.610687, opening
0.083008, 1.000244, -0.083984, -4.213740, 51.358780, 0.610687, opening
0.097900, 1.009766, -0.091553, -3.786260, 51.297710, 0.610687, opening
0.090088, 1.008301, -0.105957, -3.847328, 51.969467, 0.488550, opening
0.126953, 0.993164, -0.088135, -4.213740, 52.641220, 0.549618, opening
0.085449, 0.996826, -0.082031, -4.213740, 52.335876, 0.549618, opening
0.088379, 1.025879, -0.091553, -3.236641, 52.091602, 0.610687, opening
0.093994, 0.998779, -0.073242, -2.809160, 52.641220, 0.488550, opening
0.103027, 0.999512, -0.081543, -2.687023, 53.068703, 0.549618, opening
0.096191, 1.020020, -0.102051, -2.931298, 52.946564, 0.427481, opening
0.100830, 1.000732, -0.096924, -2.870229, 53.312977, 0.549618, opening
0.096680, 1.006348, -0.068115, -2.931298, 53.801525, 0.671756, opening
0.093262, 1.009033, -0.102783, -3.358779, 53.923664, 0.488550, opening
0.094727, 1.005859, -0.080322, -3.114504, 54.106869, 0.549618, opening
0.098389, 1.012695, -0.072266, -3.419847, 54.595421, 0.488550, opening
0.096680, 1.009277, -0.100098, -3.480916, 54.534351, 0.488550, opening
0.096924, 1.005371, -0.104004, -3.664122, 54.595421, 0.427481, opening
0.105713, 1.010986, -0.090332, -3.725191, 54.961834, 0.488550, opening
0.099854, 1.009033, -0.112061, -3.419847, 55.145039, 0.488550, opening
0.104248, 1.003418, -0.109619, -3.358779, 55.022900, 0.549618, opening
0.103760, 1.008545, -0.109131, -3.480916, 55.328243, 0.488550, opening
0.103271, 1.006104, -0.115234, -3.541985, 55.389313, 0.488550, opening
0.105469, 1.009521, -0.115479, -3.603053, 55.206108, 0.610687, opening
0.095947, 1.011475, -0.117920, -3.603053, 55.145039, 0.427481, opening
0.101074, 1.011230, -0.126953, -3.480916, 55.022900, 0.488550, opening
0.103027, 1.012939, -0.122314, -3.541985, 55.206108, 0.427481, opening
0.111084, 1.006836, -0.134033, -3.541985, 55.022900, 0.366412, opening
0.107422, 1.014404, -0.139160, -3.358779, 54.900764, 0.488550, opening
0.072021, 1.015381, -0.132568, -2.687023, 53.923664, 0.671756, opening
0.100830, 0.990234, -0.140381, -3.358779, 54.229008, 0.488550, opening
0.112793, 1.018066, -0.182617, -3.847328, 53.984734, 0.549618, opening
0.101562, 1.012939, -0.150391, -3.358779, 53.679390, 0.488550, opening
0.107422, 0.999023, -0.161865, -2.992366, 53.129772, 0.488550, opening
0.099121, 1.003906, -0.162109, -3.725191, 52.763359, 0.549618, opening
0.095703, 1.006592, -0.135742, -3.419847, 52.580154, 0.671756, opening
0.092529, 1.014648, -0.143555, -3.358779, 52.213741, 0.610687, opening
0.093750, 1.011719, -0.145508, -3.969466, 51.908398, 0.610687, opening
0.097656, 1.009766, -0.136719, -3.969466, 51.786259, 0.610687, opening
0.095703, 1.005127, -0.154541, -3.847328, 51.603054, 0.610687, opening
0.095703, 1.004639, -0.138916, -2.992366, 51.419849, 0.488550, opening
0.097168, 1.010010, -0.136230, -2.503817, 51.053436, 0.610687, opening
0.096191, 1.005615, -0.148438, -2.748092, 50.870228, 0.610687, opening
0.091064, 1.007324, -0.131592, -2.564886, 50.503819, 0.610687, opening
0.093262, 1.008057, -0.136963, -2.625954, 50.381680, 0.488550, opening
0.099121, 1.009033, -0.145752, -3.419847, 50.015266, 0.610687, opening
0.095703, 1.010010, -0.137939, -3.541985, 49.954197, 0.427481, opening
0.085693, 0.998291, -0.138184, -3.664122, 49.587788, 0.610687, opening
0.091064, 1.009766, -0.136719, -3.236641, 49.221375, 0.488550, opening
0.083984, 1.008301, -0.143066, -3.053435, 48.916031, 0.671756, opening
0.096924, 1.010498, -0.150391, -3.358779, 48.732826, 0.488550, opening
0.094238, 1.008545, -0.145264, -3.297710, 48.671757, 0.610687, opening
0.100098, 1.011719, -0.157715, -3.358779, 48.427483, 0.549618, opening
0.089355, 1.008057, -0.127441, -3.725191, 48.000000, 0.488550, opening
0.084961, 1.008057, -0.149902, -3.664122, 47.877861, 0.488550, opening
0.078613, 1.004395, -0.143311, -3.664122, 47.633587, 0.671756, opening
0.081299, 1.009277, -0.127930, -3.419847, 47.267178, 0.610687, opening
0.093018, 1.016113, -0.145752, -3.236641, 47.145039, 0.671756, opening
0.086182, 1.003662, -0.139404, -3.175573, 46.839695, 0.671756, opening
0.090332, 1.010498, -0.143066, -3.480916, 46.839695, 0.549618, opening
0.083984, 1.005859, -0.135986, -3.541985, 46.351147, 0.549618, opening
0.077881, 1.010986, -0.136719, -3.297710, 46.229008, 0.549618, opening
0.078125, 1.011230, -0.140381, -3.419847, 46.045803, 0.549618, opening
0.081055, 1.008789, -0.137207, -3.114504, 45.740459, 0.488550, opening
0.083496, 1.011230, -0.138184, -3.236641, 45.679390, 0.488550, opening
0.075439, 1.002930, -0.134766, -2.931298, 45.618320, 0.549618, opening
0.082520, 1.009766, -0.140381, -3.419847, 45.190842, 0.549618, opening
0.084229, 0.999023, -0.129639, -2.442748, 45.190842, 0.488550, opening
0.074707, 1.018311, -0.142334, -3.725191, 44.885498, 0.549618, opening
0.080811, 1.012451, -0.121338, -2.442748, 44.641220, 0.671756, opening
0.077881, 1.004395, -0.131592, -3.175573, 44.396946, 0.610687, opening
0.072021, 1.015869, -0.133545, -2.748092, 44.519085, 0.610687, opening
0.074463, 1.008789, -0.123535, -2.564886, 44.152672, 0.610687, opening
0.079834, 1.010498, -0.142578, -2.687023, 44.030533, 0.549618, opening
0.076416, 1.013184, -0.133301, -3.114504, 43.908398, 0.610687, opening
0.082520, 1.007080, -0.133301, -3.725191, 43.541985, 0.610687, opening
0.072266, 1.011230, -0.125244, -4.030534, 43.419846, 0.549618, opening
0.085205, 1.009277, -0.131592, -4.091603, 43.175571, 0.732824, opening
0.086182, 1.005859, -0.137207, -3.664122, 43.053436, 0.549618, opening
0.074463, 1.007568, -0.134521, -3.725191, 43.053436, 0.488550, opening
0.075439, 1.001953, -0.130615, -3.419847, 42.625954, 0.671756, opening
0.068604, 1.015381, -0.141357, -3.053435, 42.625954, 0.488550, opening
0.071045, 1.006836, -0.138184, -2.992366, 42.381680, 0.732824, opening
0.015137, 1.054932, -0.151123, -4.091603, 41.404579, 0.366412, opening
0.071777, 1.016602, -0.177002, -2.564886, 41.954197, 0.549618, opening
0.087402, 1.006592, -0.151855, -1.160305, 41.709923, 0.610687, opening
0.070557, 1.010742, -0.152100, -2.015267, 41.282444, 0.610687, opening
0.070557, 1.013184, -0.149170, -3.664122, 40.854961, 0.488550, opening
0.067139, 1.002197, -0.155762, -3.847328, 40.671757, 0.610687, opening
0.079102, 1.005127, -0.160645, -3.664122, 40.183205, 0.366412, opening
0.063965, 1.009033, -0.158447, -4.274809, 39.572517, 0.427481, opening
0.072754, 1.011230, -0.180176, -4.030534, 39.206108, 0.671756, opening
0.068604, 1.007080, -0.175293, -3.664122, 38.595421, 0.610687, opening
0.070801, 1.009521, -0.193848, -3.297710, 38.229008, 0.793893, opening
0.072266, 1.000732, -0.180664, -2.442748, 37.740459, 0.854962, opening
0.055908, 1.023438, -0.215088, -2.137405, 36.519085, 0.549618, opening
0.052490, 1.001953, -0.196045, -2.870229, 36.091602, 0.427481, opening
0.062256, 1.012451, -0.204590, -3.725191, 35.114506, 0.610687, opening
0.057373, 1.003418, -0.203857, -3.847328, 34.076336, 0.610687, opening
0.054199, 1.006836, -0.221680, -2.931298, 33.404579, 0.732824, opening
0.059082, 1.002930, -0.211426, -2.198473, 32.427483, 0.549618, opening
0.051025, 1.012451, -0.224121, -2.687023, 31.572519, 0.610687, opening
0.054688, 1.008789, -0.239258, -3.175573, 30.412214, 0.610687, opening
0.056152, 1.005859, -0.227539, -2.992366, 29.557253, 0.671756, opening
0.052490, 1.002197, -0.221191, -2.687023, 28.702290, 0.732824, opening
0.052490, 1.007324, -0.220459, -3.664122, 27.480917, 0.671756, opening
0.046875, 1.008301, -0.220459, -2.748092, 26.564886, 0.671756, opening
0.045898, 1.010010, -0.207031, -2.870229, 25.587786, 0.671756, opening
0.051758, 1.000732, -0.210938, -3.053435, 24.793894, 0.671756, opening
0.045898, 1.018066, -0.215332, -4.519084, 23.877863, 0.671756, opening
0.043457, 1.014160, -0.214111, -3.603053, 22.900763, 0.549618, opening
0.041748, 1.007324, -0.222412, -3.419847, 21.984734, 0.671756, opening
0.038086, 1.010254, -0.206787, -3.053435, 21.190840, 0.549618, opening
0.040527, 1.006592, -0.202148, -2.931298, 20.458015, 0.793893, opening
0.047363, 1.006836, -0.190186, -2.870229, 19.603054, 0.671756, opening
0.036865, 1.007324, -0.176514, -2.992366, 18.992367, 0.732824, opening
0.038086, 1.018799, -0.184570, -2.809160, 18.564886, 0.610687, opening
0.029297, 1.008545, -0.168945, -3.419847, 17.893129, 0.671756, opening
0.035400, 1.015381, -0.170898, -3.603053, 17.526718, 0.610687, opening
0.041016, 1.010010, -0.166504, -3.725191, 17.099237, 0.732824, opening
0.037109, 1.012695, -0.164307, -3.114504, 16.916031, 0.671756, opening
0.038574, 1.002686, -0.168945, -3.236641, 16.061069, 0.793893, opening
0.025391, 1.003906, -0.175049, -2.870229, 15.694656, 0.732824, opening
0.032959, 1.003418, -0.172363, -3.114504, 15.083969, 0.732824, opening
0.031250, 1.017822, -0.190674, -3.664122, 14.351145, 0.732824, opening
0.032959, 1.006836, -0.174316, -2.564886, 13.923664, 0.610687, opening
0.034668, 1.005615, -0.156250, -3.175573, 13.251908, 0.671756, opening
0.035156, 1.016113, -0.181396, -4.091603, 12.580153, 0.732824, opening
0.035156, 1.013428, -0.182861, -2.992366, 12.335878, 0.732824, opening
0.036621, 1.008789, -0.171143, -3.480916, 11.603053, 0.732824, opening
0.030273, 1.008301, -0.169678, -3.053435, 11.175572, 0.793893, opening
0.030273, 1.006104, -0.177002, -2.748092, 10.809160, 0.671756, opening
0.033691, 1.010498, -0.166504, -3.175573, 10.137404, 0.610687, opening
, opening
